winner_binary,season,team1,team2,runs_difference,wickets_difference,boundary_difference,team1_wickets,team2_wickets,team1_dot_ball_percentage,team2_dot_ball_percentage,toss_won_by_team1,toss_decision_bat,match_id
1,2014/15,New Zealand,Sri Lanka,31,0,4,0,0,48.4375,63.33333333333333,0,0,656399
1,2014/15,Australia,England,16,0,0,2,2,51.61290322580645,59.375,0,0,656401
1,2014/15,South Africa,Zimbabwe,-28,1,-5,2,1,77.41935483870968,59.375,0,0,656403
1,2014/15,India,Pakistan,-4,0,0,1,1,60.65573770491803,61.19402985074627,1,1,656405
1,2014/15,Ireland,West Indies,-21,2,-1,2,0,67.74193548387096,58.06451612903226,1,0,656407
1,2014/15,New Zealand,Scotland,-44,2,-9,4,2,80.64516129032258,55.55555555555556,1,0,656409
0,2014/15,United Arab Emirates,Zimbabwe,-21,1,-5,1,0,69.84126984126983,59.375,0,0,656413
1,2014/15,New Zealand,England,-73,0,-15,2,2,57.8125,46.03174603174603,0,1,656415
0,2014/15,Pakistan,West Indies,21,-2,4,2,4,65.0,75.80645161290323,1,0,656417
1,2014/15,India,South Africa,-2,0,3,1,1,71.66666666666667,63.49206349206349,1,1,656423
1,2014/15,England,Scotland,11,-1,-1,0,1,56.060606060606055,66.66666666666666,0,0,656425
1,2014/15,West Indies,Zimbabwe,-11,-2,1,1,3,65.0,52.38095238095239,1,1,656427
1,2014/15,Ireland,United Arab Emirates,9,-1,2,0,1,62.903225806451616,68.33333333333333,1,0,656429
0,2014/15,Bangladesh,Sri Lanka,-9,-3,-4,0,3,56.060606060606055,57.377049180327866,0,1,656433
1,2014/15,South Africa,West Indies,-17,-1,-3,1,2,74.19354838709677,60.317460317460316,1,1,656435
1,2014/15,New Zealand,Australia,-13,-3,-6,1,4,49.2063492063492,54.6875,0,1,656437
1,2014/15,India,United Arab Emirates,-24,1,-9,2,1,69.23076923076923,73.33333333333333,0,1,656439
0,2014/15,England,Sri Lanka,7,1,3,1,0,63.49206349206349,61.66666666666667,1,1,656441
1,2014/15,Pakistan,Zimbabwe,-14,0,-2,2,2,82.53968253968253,77.04918032786885,1,1,656443
0,2014/15,Ireland,South Africa,10,-3,0,1,4,53.73134328358209,66.66666666666666,0,1,656445
1,2014/15,Pakistan,United Arab Emirates,16,-2,3,1,3,66.66666666666666,75.0,0,0,656447
1,2014/15,Bangladesh,Scotland,-23,1,-4,2,1,65.0,58.730158730158735,1,0,656451
1,2014/15,India,West Indies,-3,2,-1,4,2,70.3125,62.903225806451616,0,1,656453
1,2014/15,Pakistan,South Africa,-32,-1,-8,1,2,74.19354838709677,62.903225806451616,0,0,656455
1,2014/15,Ireland,Zimbabwe,0,-1,-1,1,2,66.12903225806451,72.58064516129032,0,0,656457
1,2014/15,Australia,Sri Lanka,-20,1,-3,2,1,68.85245901639344,47.540983606557376,1,1,656461
1,2014/15,Bangladesh,England,-18,1,-5,2,1,70.96774193548387,66.66666666666666,0,0,656463
1,2014/15,India,Ireland,-13,0,-2,0,0,59.375,56.92307692307692,0,1,656465
0,2014/15,Scotland,Sri Lanka,11,-1,3,1,2,63.33333333333333,66.66666666666666,0,1,656467
1,2014/15,South Africa,United Arab Emirates,19,0,5,1,1,59.375,67.74193548387096,0,0,656469
1,2014/15,New Zealand,Bangladesh,-28,0,-3,2,2,77.04918032786885,58.333333333333336,1,0,656471
1,2014/15,India,Zimbabwe,-8,0,-3,2,2,75.80645161290323,71.875,1,0,656475
1,2014/15,Australia,Scotland,-14,2,-3,3,1,68.85245901639344,62.295081967213115,1,0,656477
0,2014/15,United Arab Emirates,West Indies,-38,3,-9,5,2,67.6923076923077,62.295081967213115,0,0,656479
0,2014/15,Ireland,Pakistan,-18,1,-1,1,0,66.12903225806451,50.0,1,1,656481
1,2014/15,South Africa,Sri Lanka,-26,1,-2,2,1,73.01587301587301,56.25,0,1,656483
0,2014/15,Bangladesh,India,7,-2,1,0,2,60.0,67.1875,0,1,656485
1,2014/15,Australia,Pakistan,-19,0,-3,2,2,66.66666666666666,60.65573770491803,0,1,656487
1,2014/15,New Zealand,West Indies,-17,-3,-1,1,4,56.666666666666664,56.451612903225815,1,1,656489
1,2014/15,New Zealand,South Africa,-49,0,-10,2,2,68.85245901639344,53.2258064516129,0,1,656491
1,2014/15,Australia,India,1,1,1,1,0,58.06451612903226,59.01639344262295,1,1,656493
1,2014/15,Australia,New Zealand,-25,0,-4,1,1,75.80645161290323,59.01639344262295,0,1,656495
1,2014/15,South Africa,West Indies,-8,0,1,2,2,58.730158730158735,50.0,1,1,722339
1,2014/15,South Africa,West Indies,-12,-2,-3,0,2,55.73770491803278,55.223880597014926,0,0,722341
1,2014/15,South Africa,West Indies,-1,2,1,3,1,77.04918032786885,65.0,0,1,722343
0,2014/15,South Africa,West Indies,23,1,4,3,2,74.60317460317461,78.68852459016394,0,0,722345
1,2014/15,South Africa,West Indies,-9,1,-2,2,1,60.9375,49.2063492063492,0,0,722347
1,2015,England,New Zealand,-2,0,-3,2,2,50.0,55.00000000000001,0,0,743943
0,2015,England,New Zealand,12,1,1,1,0,47.61904761904761,62.295081967213115,0,1,743945
0,2015,England,New Zealand,-23,0,-3,2,2,64.51612903225806,50.81967213114754,1,1,743947
1,2015,England,New Zealand,-33,0,-6,0,0,53.96825396825397,47.540983606557376,0,1,743949
1,2015,England,New Zealand,7,-4,2,1,5,59.01639344262295,53.2258064516129,1,0,743951
0,2015,Ireland,Australia,28,-2,7,0,2,44.26229508196721,53.2258064516129,0,1,743973
0,2015,England,Australia,-7,0,-6,0,0,62.903225806451616,65.0,0,1,743977
0,2015,England,Australia,-11,1,-3,2,1,66.12903225806451,66.66666666666666,1,0,743979
1,2015,England,Australia,6,0,1,1,1,56.25,63.934426229508205,1,1,743981
1,2015,England,Australia,-34,2,-11,3,1,61.29032258064516,50.79365079365079,0,1,743983
0,2015,England,Australia,4,2,3,4,2,75.40983606557377,73.4375,1,1,743985
1,2014/15,New Zealand,Sri Lanka,-50,0,-9,2,2,73.4375,56.666666666666664,0,1,749781
0,2014/15,New Zealand,Sri Lanka,1,1,0,1,0,59.01639344262295,62.903225806451616,1,1,749783
1,2014/15,New Zealand,Sri Lanka,2,-1,2,1,2,64.0625,59.67741935483871,0,1,749787
1,2014/15,New Zealand,Sri Lanka,-1,1,3,1,0,65.0,63.49206349206349,0,0,749789
1,2014/15,New Zealand,Sri Lanka,-3,1,1,1,0,75.40983606557377,63.49206349206349,1,1,749791
0,2014/15,New Zealand,Sri Lanka,8,-2,3,0,2,63.934426229508205,70.96774193548387,0,1,749793
1,2014/15,New Zealand,Pakistan,-31,1,-10,2,1,72.3076923076923,66.12903225806451,1,0,749795
1,2014/15,New Zealand,Pakistan,-2,1,0,1,0,63.934426229508205,59.67741935483871,1,1,749797
1,2014/15,Australia,India,-11,1,-2,2,1,63.07692307692307,53.96825396825397,0,1,754749
1,2014/15,Australia,England,-16,3,-5,4,1,67.74193548387096,63.33333333333333,0,1,754751
1,2014/15,England,India,-31,0,-4,1,1,70.49180327868852,54.83870967741935,0,1,754753
1,2014/15,Australia,England,2,0,2,0,0,53.333333333333336,45.90163934426229,1,0,754755
1,2014/15,England,India,-1,-1,-1,0,1,58.333333333333336,68.75,1,0,754759
1,2014/15,Australia,England,-4,0,-1,2,2,70.0,69.35483870967742,0,0,754761
0,2015/16,South Africa,England,3,0,1,1,1,43.54838709677419,44.26229508196721,0,1,800469
0,2015/16,South Africa,England,13,0,3,1,1,64.51612903225806,70.0,1,1,800471
1,2015/16,South Africa,England,-1,1,-3,1,0,56.451612903225815,61.904761904761905,0,1,800473
1,2015/16,South Africa,England,-14,0,-1,1,1,67.74193548387096,59.01639344262295,1,0,800475
1,2015/16,South Africa,England,27,-2,2,1,3,53.96825396825397,77.77777777777779,1,0,800477
1,2014/15,Ireland,Scotland,-8,0,-5,3,3,61.29032258064516,63.49206349206349,1,0,810829
0,2015,Bangladesh,South Africa,14,3,3,4,1,60.9375,66.66666666666666,1,1,817207
1,2015,Bangladesh,South Africa,-19,-1,-3,1,2,68.85245901639344,57.57575757575758,0,1,817209
1,2015,Bangladesh,South Africa,-33,2,-4,2,0,70.0,45.3125,0,1,817211
1,2015,South Africa,New Zealand,14,0,2,1,1,62.5,72.58064516129032,0,0,848843
0,2015,South Africa,New Zealand,-8,2,-3,2,0,60.65573770491803,58.730158730158735,1,1,848845
1,2015,South Africa,New Zealand,9,-1,4,0,1,70.96774193548387,59.01639344262295,1,1,848847
1,2015,Bangladesh,Pakistan,-8,0,1,0,0,65.57377049180327,54.83870967741935,1,1,858485
1,2015,Bangladesh,Pakistan,-46,1,-13,2,1,67.74193548387096,53.2258064516129,0,1,858487
1,2015,Bangladesh,Pakistan,10,0,1,0,0,53.2258064516129,65.07936507936508,0,1,858489
0,2015,Sri Lanka,Pakistan,-3,0,-3,1,1,58.06451612903226,63.33333333333333,0,0,860269
1,2015,Sri Lanka,Pakistan,-54,-1,-11,0,1,70.0,33.87096774193548,0,1,860271
0,2015,Sri Lanka,Pakistan,3,-2,-1,0,2,51.66666666666667,55.73770491803278,0,1,860273
0,2015,Sri Lanka,Pakistan,-21,1,-4,1,0,53.96825396825397,51.66666666666667,1,1,860275
1,2015,Sri Lanka,Pakistan,12,-1,4,0,1,53.333333333333336,53.96825396825397,1,1,860277
1,2015,Pakistan,Zimbabwe,-9,-1,-1,0,1,68.85245901639344,55.00000000000001,1,1,868727
1,2015,Pakistan,Zimbabwe,-6,-1,1,0,1,67.21311475409836,59.01639344262295,1,0,868729
1,2015,Bangladesh,India,13,0,6,0,0,41.269841269841265,50.81967213114754,1,1,870731
1,2015,Bangladesh,India,16,0,4,1,1,60.60606060606061,65.07936507936508,0,1,870733
0,2015,Bangladesh,India,-4,-1,-2,1,2,54.09836065573771,53.03030303030303,1,0,870735
0,2015,Zimbabwe,India,-2,0,0,1,1,72.1311475409836,72.58064516129032,1,0,885959
0,2015,Zimbabwe,India,6,-2,-1,0,2,59.67741935483871,73.77049180327869,1,0,885965
0,2015,Zimbabwe,India,-6,1,-2,2,1,70.3125,68.85245901639344,1,0,885967
1,2015,Zimbabwe,New Zealand,-3,2,2,2,0,77.41935483870968,57.377049180327866,1,0,894287
0,2015,Zimbabwe,New Zealand,-5,1,2,1,0,77.41935483870968,58.333333333333336,1,1,894289
0,2015,Zimbabwe,New Zealand,7,1,1,1,0,66.66666666666666,70.3125,1,0,894291
1,2015/16,Australia,India,12,-1,3,1,2,62.295081967213115,60.9375,0,1,895807
1,2015/16,Australia,India,7,1,2,1,0,62.295081967213115,61.53846153846154,0,1,895809
1,2015/16,Australia,India,-22,0,-6,1,1,59.67741935483871,57.14285714285714,1,0,895811
1,2015/16,Australia,India,-21,-1,-2,0,1,62.295081967213115,47.540983606557376,1,1,895813
0,2015/16,Australia,India,-7,1,-2,1,0,52.459016393442624,46.666666666666664,0,0,895815
0,2015/16,England,Pakistan,5,0,1,3,3,71.66666666666667,71.42857142857143,1,1,902641
1,2015/16,England,Pakistan,32,-2,7,0,2,60.65573770491803,75.40983606557377,1,1,902643
1,2015/16,England,Pakistan,2,-2,0,0,2,58.06451612903226,59.01639344262295,0,1,902645
1,2015/16,England,Pakistan,-20,-2,-7,0,2,48.38709677419355,51.61290322580645,1,1,902647
0,2015/16,India,South Africa,-11,0,-4,1,1,60.65573770491803,59.375,0,1,903593
1,2015/16,India,South Africa,-12,-1,-1,1,2,69.35483870967742,56.666666666666664,1,1,903595
0,2015/16,India,South Africa,19,0,1,0,0,56.451612903225815,70.0,0,1,903597
1,2015/16,India,South Africa,-20,1,-4,2,1,51.61290322580645,54.54545454545454,1,1,903599
0,2015/16,India,South Africa,22,-1,6,1,2,52.459016393442624,62.295081967213115,0,1,903601
0,2015/16,United Arab Emirates,Hong Kong,-18,-1,-3,0,1,56.451612903225815,48.4375,0,1,911049
0,2016,Ireland,Sri Lanka,6,-2,1,0,2,63.33333333333333,70.96774193548387,1,0,913621
1,2016,England,Sri Lanka,-6,2,0,2,0,58.06451612903226,48.4375,0,1,913625
1,2016,England,Sri Lanka,3,0,2,1,1,50.81967213114754,57.377049180327866,1,0,913629
1,2016,England,Sri Lanka,19,-1,2,0,1,50.0,61.66666666666667,0,0,913631
0,2016,Ireland,Pakistan,15,-3,5,1,4,66.66666666666666,68.75,1,0,913649
1,2016,England,Pakistan,-21,0,0,1,1,67.21311475409836,48.38709677419355,0,1,913653
1,2016,England,Pakistan,7,1,2,3,2,69.35483870967742,65.0,0,1,913655
1,2016,England,Pakistan,-19,-2,-7,1,3,54.09836065573771,50.81967213114754,1,1,913657
1,2016,England,Pakistan,-12,-1,-7,1,2,64.51612903225806,74.19354838709677,0,1,913659
0,2016,England,Pakistan,5,1,1,2,1,55.73770491803278,54.83870967741935,0,0,913661
1,2015/16,New Zealand,Sri Lanka,-79,5,-17,5,0,70.3125,40.0,0,1,914207
1,2015/16,New Zealand,Sri Lanka,-78,3,-15,3,0,71.66666666666667,23.214285714285715,0,1,914209
0,2015/16,New Zealand,Sri Lanka,-36,1,-6,1,0,62.295081967213115,46.875,1,1,914211
1,2015/16,New Zealand,Sri Lanka,22,-2,5,1,3,62.295081967213115,69.35483870967742,0,0,914215
1,2015/16,New Zealand,Pakistan,12,1,4,2,1,65.07936507936508,69.84126984126983,0,0,914227
1,2015/16,New Zealand,Australia,24,-6,6,0,6,63.33333333333333,68.25396825396825,0,0,914231
0,2015/16,New Zealand,Australia,-20,1,-3,1,0,65.57377049180327,44.44444444444444,1,1,914233
1,2015/16,New Zealand,Australia,17,0,5,1,1,55.00000000000001,48.333333333333336,0,0,914235
1,2015/16,New Zealand,Pakistan,1,1,0,2,1,58.730158730158735,69.84126984126983,0,1,914265
1,2015/16,Sri Lanka,West Indies,-60,2,-10,3,1,76.19047619047619,38.70967741935484,1,0,915777
1,2015/16,Sri Lanka,West Indies,-6,1,-1,2,1,53.2258064516129,47.540983606557376,0,1,915779
1,2015/16,Sri Lanka,West Indies,-17,3,-2,4,1,64.61538461538461,46.15384615384615,1,0,915781
0,2015/16,Zimbabwe,Pakistan,7,2,3,3,1,73.77049180327869,73.01587301587301,1,0,919607
1,2015/16,Zimbabwe,Pakistan,9,-2,-1,1,3,67.1875,79.03225806451613,0,0,919609
0,2015/16,Zimbabwe,Pakistan,13,0,1,0,0,60.65573770491803,67.74193548387096,0,0,919611
1,2015/16,Zimbabwe,Ireland,-12,0,-2,2,2,72.58064516129032,63.33333333333333,1,0,919613
1,2015/16,Zimbabwe,Ireland,-15,-1,-1,1,2,73.77049180327869,57.377049180327866,1,0,919615
0,2015/16,Zimbabwe,Ireland,-17,1,-2,2,1,76.19047619047619,66.66666666666666,0,0,919617
1,2015/16,Bangladesh,Zimbabwe,-4,1,1,2,1,73.77049180327869,65.57377049180327,0,0,931390
1,2015/16,Bangladesh,Zimbabwe,-3,-2,0,1,3,68.33333333333333,66.66666666666666,0,0,931392
1,2015/16,Bangladesh,Zimbabwe,-9,-3,0,0,3,70.96774193548387,58.06451612903226,1,1,931394
1,2016,West Indies,South Africa,18,1,3,1,0,59.01639344262295,72.1311475409836,0,1,932849
0,2016,West Indies,Australia,-6,0,-3,1,1,60.60606060606061,63.33333333333333,0,0,932851
0,2016,Australia,South Africa,5,-1,1,2,3,61.904761904761905,61.66666666666667,0,1,932853
1,2016,Australia,South Africa,-2,0,1,1,1,64.51612903225806,58.06451612903226,1,1,932855
1,2016,West Indies,Australia,-34,0,-8,1,1,60.0,51.66666666666667,1,0,932857
0,2016,West Indies,South Africa,-22,-1,-4,0,1,55.00000000000001,49.23076923076923,1,0,932859
0,2016,West Indies,Australia,-24,1,-4,3,2,72.58064516129032,55.00000000000001,0,0,932863
1,2016,West Indies,South Africa,8,1,2,4,3,69.84126984126983,67.74193548387096,0,0,932865
0,2016,West Indies,Australia,7,1,3,1,0,65.0,61.904761904761905,0,1,932867
1,2016/17,South Africa,Ireland,29,-2,7,0,2,50.79365079365079,60.9375,0,0,936131
1,2016/17,Australia,Ireland,-29,0,-3,1,1,70.49180327868852,39.682539682539684,0,1,936133
1,2016/17,South Africa,Australia,-23,1,-7,1,0,57.14285714285714,45.90163934426229,1,0,936135
1,2016/17,South Africa,Australia,12,-2,2,0,2,55.00000000000001,59.375,0,0,936137
1,2016/17,South Africa,Australia,11,-1,1,0,1,48.38709677419355,38.70967741935484,0,1,936139
1,2016/17,South Africa,Australia,-5,1,-1,3,2,73.33333333333333,70.96774193548387,0,1,936141
1,2016/17,South Africa,Australia,-8,2,-2,2,0,58.333333333333336,59.67741935483871,1,1,936143
1,2016/17,South Africa,Sri Lanka,-6,2,5,2,0,80.0,48.333333333333336,1,0,936159
1,2016/17,South Africa,Sri Lanka,6,-1,0,1,2,55.00000000000001,56.666666666666664,0,0,936161
1,2016/17,South Africa,Sri Lanka,2,-1,1,0,1,58.06451612903226,60.0,1,0,936163
1,2016/17,South Africa,Sri Lanka,-41,1,-7,1,0,55.00000000000001,40.98360655737705,1,1,936165
1,2016/17,South Africa,Sri Lanka,-2,-4,5,0,4,55.73770491803278,46.774193548387096,0,0,936167
0,2016,Sri Lanka,Australia,-18,0,-5,1,1,55.73770491803278,57.377049180327866,0,0,995457
1,2016,Sri Lanka,Australia,17,-1,4,2,3,61.904761904761905,63.33333333333333,1,1,995459
0,2016,Sri Lanka,Australia,8,-1,3,2,3,60.0,56.451612903225815,1,1,995461
0,2016,Sri Lanka,Australia,-77,0,-16,3,3,74.60317460317461,42.62295081967213,1,1,995463
0,2016,Sri Lanka,Australia,27,-2,4,0,2,54.83870967741935,66.12903225806451,1,1,995465
1,2016,Scotland,United Arab Emirates,11,1,1,1,0,48.333333333333336,59.67741935483871,0,0,997993
1,2016,Scotland,United Arab Emirates,15,0,1,2,2,56.25,73.33333333333333,0,1,997995
1,2016/17,Australia,Pakistan,14,2,6,3,1,53.96825396825397,62.5,1,1,1000887
0,2016/17,Australia,Pakistan,13,3,0,3,0,58.730158730158735,71.42857142857143,1,1,1000889
1,2016/17,Australia,Pakistan,5,-1,-1,1,2,65.07936507936508,68.85245901639344,1,0,1000891
1,2016/17,Australia,Pakistan,-5,-1,-3,0,1,45.0,55.73770491803278,1,1,1000893
1,2016/17,Australia,Pakistan,17,-1,3,0,1,48.333333333333336,59.375,1,1,1000895
1,2016/17,Australia,New Zealand,3,0,1,2,2,69.35483870967742,70.96774193548387,1,1,1001371
1,2016/17,Australia,New Zealand,1,-2,-3,0,2,48.4375,62.903225806451616,0,0,1001373
1,2016/17,Australia,New Zealand,-17,1,-1,2,1,73.84615384615385,60.317460317460316,1,1,1001375
1,2016,Scotland,Hong Kong,17,-1,4,0,1,63.33333333333333,66.12903225806451,1,1,1004285
0,2016,Zimbabwe,India,5,1,-1,2,1,70.3125,73.33333333333333,0,0,1007649
0,2016,Zimbabwe,India,-3,3,-5,3,0,63.934426229508205,70.96774193548387,0,0,1007651
0,2016,Zimbabwe,India,-11,1,1,1,0,77.41935483870968,59.09090909090909,1,1,1007653
1,2016/17,New Zealand,Bangladesh,7,0,-2,1,1,58.06451612903226,73.4375,1,1,1019973
1,2016/17,New Zealand,Bangladesh,5,0,0,1,1,73.01587301587301,72.1311475409836,0,0,1019975
1,2016/17,New Zealand,Bangladesh,0,-2,0,0,2,64.51612903225806,61.904761904761905,0,1,1019977
1,2016/17,New Zealand,Australia,17,-2,1,1,3,54.09836065573771,65.0,0,0,1020013
1,2016/17,New Zealand,Australia,7,-1,3,1,2,59.67741935483871,63.934426229508205,1,1,1020017
0,2016/17,New Zealand,South Africa,2,1,-2,1,0,60.317460317460316,52.459016393442624,0,0,1020031
1,2016/17,New Zealand,South Africa,-9,0,-2,1,1,68.85245901639344,63.934426229508205,0,0,1020033
0,2016/17,New Zealand,South Africa,10,-1,4,1,2,56.666666666666664,65.57377049180327,0,1,1020035
1,2016/17,New Zealand,South Africa,-6,0,-3,1,1,58.06451612903226,61.66666666666667,0,1,1020037
0,2016/17,New Zealand,South Africa,9,0,1,1,1,66.66666666666666,74.19354838709677,0,0,1020039
1,2017,England,Bangladesh,-15,-1,-1,0,1,73.77049180327869,53.333333333333336,1,0,1022347
1,2017,South Africa,Sri Lanka,-55,-1,-11,0,1,63.49206349206349,41.53846153846154,0,0,1022351
1,2017,India,Pakistan,-5,-1,-1,0,1,57.377049180327866,54.83870967741935,0,0,1022353
1,2017,England,New Zealand,10,0,1,1,1,65.0,63.33333333333333,0,0,1022357
1,2017,Pakistan,South Africa,5,-1,-4,1,2,57.14285714285714,68.33333333333333,0,1,1022359
0,2017,India,Sri Lanka,4,-1,2,0,1,60.0,60.65573770491803,0,0,1022361
1,2017,Bangladesh,New Zealand,36,-2,6,1,3,56.666666666666664,76.19047619047619,0,1,1022363
1,2017,England,Australia,-2,-2,-2,1,3,54.09836065573771,66.66666666666666,1,0,1022365
1,2017,India,South Africa,-2,-1,-3,0,1,60.317460317460316,77.04918032786885,1,0,1022367
1,2017,Pakistan,Sri Lanka,-15,1,-3,1,0,65.57377049180327,53.125,1,0,1022369
0,2017,England,Pakistan,3,1,1,1,0,53.333333333333336,61.29032258064516,0,0,1022371
0,2017,Bangladesh,India,-17,2,-3,2,0,70.0,58.333333333333336,0,0,1022373
0,2017,India,Pakistan,9,-3,-1,0,3,55.223880597014926,65.0,1,0,1022375
1,2016/17,Hong Kong,Papua New Guinea,-19,0,0,2,2,74.60317460317461,56.451612903225815,1,1,1026847
0,2016/17,Hong Kong,Papua New Guinea,21,0,8,3,3,65.57377049180327,71.42857142857143,0,1,1026849
1,2016/17,Hong Kong,Papua New Guinea,-2,-1,-2,0,1,66.66666666666666,68.85245901639344,0,1,1026851
0,2016/17,West Indies,England,1,1,2,2,1,70.0,58.06451612903226,1,0,1027315
0,2016/17,West Indies,England,-34,1,-4,2,1,76.66666666666667,53.333333333333336,1,1,1027317
0,2016/17,West Indies,England,12,-2,1,1,3,60.65573770491803,80.64516129032258,1,0,1027319
1,2017,England,Ireland,-19,1,-4,2,1,66.66666666666666,51.61290322580645,0,1,1029001
1,2017,England,Ireland,-14,0,-3,0,0,69.35483870967742,62.295081967213115,0,0,1029003
0,2016/17,Bangladesh,England,3,0,-1,1,1,52.459016393442624,60.65573770491803,0,1,1029819
1,2016/17,Bangladesh,England,-1,-2,2,2,4,71.66666666666667,70.49180327868852,0,0,1029821
0,2016/17,Bangladesh,England,-7,0,-1,0,0,60.65573770491803,56.666666666666664,0,0,1029823
1,2016/17,India,New Zealand,-7,2,-1,3,1,68.25396825396825,72.58064516129032,1,0,1030219
0,2016/17,India,New Zealand,15,0,4,1,1,66.66666666666666,71.66666666666667,1,0,1030221
1,2016/17,India,New Zealand,19,-1,3,1,2,54.83870967741935,59.01639344262295,1,0,1030223
0,2016/17,India,New Zealand,30,-1,4,0,1,41.53846153846154,63.934426229508205,0,1,1030225
1,2016/17,India,New Zealand,-1,-1,-2,1,2,60.317460317460316,65.57377049180327,1,1,1030227
1,2017,England,South Africa,-1,0,-2,1,1,55.55555555555556,55.00000000000001,0,0,1031425
1,2017,England,South Africa,-13,0,-2,1,1,64.51612903225806,51.66666666666667,0,0,1031427
0,2017,England,South Africa,-17,6,-3,6,0,72.58064516129032,56.25,0,0,1031429
0,2017,West Indies,England,-14,1,-3,2,1,55.73770491803278,36.666666666666664,1,1,1031667
1,2017,England,West Indies,-8,0,-4,1,1,56.451612903225815,62.295081967213115,0,0,1031671
0,2017,West Indies,England,-2,3,1,3,0,58.730158730158735,49.18032786885246,0,0,1031673
0,2017,West Indies,England,-6,1,-1,1,0,60.65573770491803,44.26229508196721,0,0,1031675
0,2017,Ireland,New Zealand,17,0,4,2,2,64.51612903225806,73.77049180327869,1,0,1033363
0,2017,Bangladesh,New Zealand,-2,-1,-1,0,1,60.65573770491803,56.666666666666664,0,0,1033365
0,2017,Ireland,Bangladesh,-31,2,-6,2,0,70.3125,52.307692307692314,0,0,1033367
0,2017,Ireland,New Zealand,27,-1,6,0,1,59.67741935483871,70.0,1,0,1033369
1,2017,Bangladesh,New Zealand,14,0,2,1,1,54.09836065573771,65.57377049180327,1,0,1033371
1,2016/17,India,England,16,-1,4,1,2,47.61904761904761,64.0625,1,0,1034819
1,2016/17,India,England,-23,2,-2,3,1,73.33333333333333,54.83870967741935,0,0,1034821
0,2016/17,India,England,-9,-2,1,0,2,75.40983606557377,61.53846153846154,1,0,1034823
1,2016/17,Pakistan,West Indies,30,0,7,1,1,60.65573770491803,63.33333333333333,0,0,1050223
1,2016/17,Pakistan,West Indies,9,1,0,2,1,50.79365079365079,55.55555555555556,1,1,1050225
1,2016/17,Pakistan,West Indies,20,-1,3,0,1,46.666666666666664,63.49206349206349,1,1,1050227
0,2016/17,Zimbabwe,Sri Lanka,-31,3,-8,3,0,75.40983606557377,60.65573770491803,0,0,1059710
0,2016/17,Sri Lanka,West Indies,-5,-1,-4,2,3,75.80645161290323,75.40983606557377,1,0,1059711
1,2016/17,Sri Lanka,West Indies,-8,0,-3,1,1,47.540983606557376,53.2258064516129,0,0,1059714
1,2016/17,Zimbabwe,West Indies,10,-2,0,1,3,66.66666666666666,66.66666666666666,1,1,1059715
0,2016/17,Zimbabwe,Sri Lanka,-13,-1,-4,2,3,60.0,55.73770491803278,1,1,1059716
0,2017,United Arab Emirates,Papua New Guinea,-6,0,-4,1,1,56.666666666666664,64.70588235294117,0,1,1068737
0,2017/18,Australia,England,-35,-1,-8,1,2,62.295081967213115,53.2258064516129,0,0,1072310
0,2017/18,Australia,England,-4,-1,-3,0,1,56.666666666666664,65.0,1,1,1072311
1,2017/18,England,Australia,-2,0,-1,2,2,60.60606060606061,62.295081967213115,0,0,1072312
0,2017/18,England,Australia,-43,3,-11,5,2,77.41935483870968,65.07936507936508,0,0,1072313
1,2017/18,England,Australia,3,-1,3,0,1,56.451612903225815,59.01639344262295,0,0,1072314
0,2017/18,Bangladesh,South Africa,-17,1,0,1,0,67.1875,46.666666666666664,1,1,1075504
1,2017/18,South Africa,Bangladesh,-12,-1,-5,0,1,46.03174603174603,54.09836065573771,0,0,1075505
1,2017/18,South Africa,Bangladesh,22,-3,4,0,3,50.81967213114754,62.903225806451616,1,1,1075506
1,2017,West Indies,Pakistan,10,-1,4,0,1,64.51612903225806,57.57575757575758,1,0,1077949
0,2017,West Indies,Pakistan,-5,-1,-3,2,3,58.730158730158735,58.333333333333336,1,0,1077950
0,2017,West Indies,Pakistan,-1,-1,-1,2,3,63.33333333333333,62.903225806451616,1,1,1077951
1,2016/17,Hong Kong,Scotland,9,-1,4,0,1,66.66666666666666,61.29032258064516,1,0,1078659
1,2016/17,United Arab Emirates,Scotland,22,-1,5,1,2,60.65573770491803,72.1311475409836,0,1,1078660
1,2016/17,United Arab Emirates,Hong Kong,-25,0,-6,0,0,63.934426229508205,62.295081967213115,1,0,1078661
0,2016/17,United Arab Emirates,Ireland,-39,0,-7,2,2,78.68852459016394,59.01639344262295,1,0,1080630
0,2016/17,United Arab Emirates,Ireland,6,3,0,3,0,65.625,68.33333333333333,1,1,1080631
0,2016/17,Sri Lanka,Bangladesh,34,-1,9,1,2,63.33333333333333,68.33333333333333,1,0,1083446
1,2016/17,Sri Lanka,Bangladesh,16,-3,2,0,3,46.96969696969697,56.451612903225815,0,0,1083448
1,2017,United Arab Emirates,Papua New Guinea,7,0,3,0,0,50.79365079365079,55.73770491803278,1,1,1089183
1,2017,Scotland,Zimbabwe,20,1,7,1,0,58.46153846153847,62.295081967213115,1,1,1089419
0,2017,Scotland,Zimbabwe,14,-1,2,1,2,60.0,66.66666666666666,1,1,1089420
0,2017,West Indies,India,32,-2,7,0,2,48.38709677419355,67.74193548387096,1,0,1098207
0,2017,West Indies,India,-6,1,2,2,1,70.0,63.07692307692307,1,0,1098208
1,2017,West Indies,India,-2,-2,-1,0,2,76.5625,75.40983606557377,1,1,1098209
0,2017,West Indies,India,-1,0,-1,1,1,60.65573770491803,63.33333333333333,1,1,1098210
0,2017,Sri Lanka,Zimbabwe,5,0,2,1,1,54.09836065573771,62.5,1,1,1104478
1,2017,Sri Lanka,Zimbabwe,-7,-1,2,1,2,75.80645161290323,56.451612903225815,1,0,1104479
1,2017,Sri Lanka,Zimbabwe,-18,1,-2,1,0,67.21311475409836,46.03174603174603,1,0,1104480
0,2017,Sri Lanka,Zimbabwe,-9,-1,-5,0,1,46.875,55.00000000000001,1,1,1104481
0,2017,Sri Lanka,Zimbabwe,-28,3,-7,3,0,68.75,63.934426229508205,0,0,1104482
0,2017,Sri Lanka,India,-9,-1,-4,0,1,48.4375,55.73770491803278,0,0,1109605
0,2017,Sri Lanka,India,-16,1,-3,1,0,63.934426229508205,53.84615384615385,0,0,1109606
0,2017,Sri Lanka,India,2,0,-1,2,2,67.74193548387096,70.49180327868852,1,1,1109607
1,2017,India,Sri Lanka,27,-2,6,1,3,52.459016393442624,69.84126984126983,1,1,1109608
0,2017,Sri Lanka,India,11,1,6,3,2,55.73770491803278,48.38709677419355,1,1,1109609
0,2017/18,England,New Zealand,13,-2,3,1,3,68.33333333333333,78.33333333333333,0,0,1115775
0,2017/18,New Zealand,England,-13,0,-3,2,2,72.58064516129032,67.74193548387096,0,0,1115776
1,2017/18,England,New Zealand,-11,0,-3,1,1,66.66666666666666,66.66666666666666,0,0,1115777
0,2017/18,England,New Zealand,33,-2,7,0,2,57.14285714285714,65.0,0,0,1115778
0,2017/18,New Zealand,England,-38,2,-9,2,0,70.49180327868852,59.01639344262295,0,0,1115779
0,2017/18,West Indies,New Zealand,-29,0,-5,0,0,72.58064516129032,52.459016393442624,0,0,1115795
1,2017/18,New Zealand,West Indies,13,-3,-1,1,4,50.81967213114754,63.33333333333333,0,0,1115796
1,2017/18,New Zealand,West Indies,-22,-2,-1,3,5,66.66666666666666,46.03174603174603,1,1,1115797
1,2017/18,New Zealand,Pakistan,22,-4,0,0,4,53.2258064516129,71.42857142857143,0,0,1115802
0,2017/18,Pakistan,New Zealand,-9,0,0,2,2,70.96774193548387,61.66666666666667,1,1,1115803
1,2017/18,New Zealand,Pakistan,28,-2,3,1,3,77.04918032786885,90.0,1,1,1115804
0,2017/18,Pakistan,New Zealand,-16,2,-3,2,0,68.33333333333333,56.451612903225815,1,1,1115805
1,2017/18,New Zealand,Pakistan,32,-2,5,1,3,58.06451612903226,70.49180327868852,1,1,1115806
1,2017/18,India,Australia,-13,-1,-1,3,4,68.25396825396825,55.73770491803278,1,1,1119496
1,2017/18,India,Australia,-3,-1,1,1,2,68.25396825396825,70.0,1,1,1119497
0,2017/18,Australia,India,-19,0,-4,0,0,58.730158730158735,50.81967213114754,1,1,1119498
1,2017/18,Australia,India,-2,0,2,0,0,59.67741935483871,55.00000000000001,1,1,1119499
0,2017/18,Australia,India,17,0,2,0,0,55.00000000000001,68.33333333333333,1,1,1119500
0,2018,Australia,England,3,-1,-4,2,3,57.377049180327866,71.66666666666667,1,1,1119537
1,2018,England,Australia,11,0,5,1,1,51.66666666666667,56.451612903225815,0,0,1119538
1,2018,England,Australia,-4,-1,4,0,1,57.377049180327866,29.230769230769234,0,0,1119539
0,2018,Australia,England,-15,0,-3,0,0,60.65573770491803,55.00000000000001,1,1,1119540
0,2018,Australia,England,45,-2,8,2,4,45.16129032258064,72.1311475409836,1,1,1119541
0,2018,England,India,-3,-1,-1,0,1,47.540983606557376,45.90163934426229,0,0,1119546
1,2018,England,India,12,-2,2,0,2,48.333333333333336,53.96825396825397,1,1,1119547
0,2018,India,England,-46,-1,-11,1,2,68.33333333333333,50.0,0,0,1119548
0,2017/18,India,New Zealand,-15,1,-5,2,1,66.66666666666666,61.29032258064516,1,1,1120090
0,2017/18,New Zealand,India,-29,2,-6,3,1,71.66666666666667,60.65573770491803,1,1,1120091
1,2017/18,India,New Zealand,-21,0,-2,1,1,62.903225806451616,48.484848484848484,0,0,1120092
1,2017/18,Pakistan,Sri Lanka,-12,-1,-4,1,2,65.07936507936508,62.295081967213115,0,0,1120286
1,2017/18,Pakistan,Sri Lanka,10,2,1,3,1,66.12903225806451,71.66666666666667,1,1,1120287
0,2017/18,Sri Lanka,Pakistan,0,0,0,0,0,55.55555555555556,60.65573770491803,1,1,1120288
0,2017/18,Sri Lanka,Pakistan,18,0,3,2,2,56.451612903225815,67.74193548387096,1,1,1120289
0,2017/18,Sri Lanka,Pakistan,-10,5,-3,5,0,66.66666666666666,61.66666666666667,1,1,1120290
0,2017/18,South Africa,India,0,0,-1,1,1,61.66666666666667,63.934426229508205,1,1,1122279
0,2017/18,South Africa,India,-18,0,-3,1,1,68.33333333333333,62.5,0,0,1122280
1,2017/18,India,South Africa,2,0,4,1,1,68.85245901639344,63.33333333333333,0,0,1122281
0,2017/18,India,South Africa,0,0,0,1,1,59.375,50.81967213114754,1,1,1122282
1,2017/18,India,South Africa,9,0,4,1,1,65.57377049180327,60.0,0,0,1122283
0,2017/18,South Africa,India,-19,1,-2,2,1,67.74193548387096,53.125,0,0,1122284
0,2017/18,India,Sri Lanka,-31,1,-6,3,2,90.1639344262295,68.75,0,0,1122726
1,2017/18,India,Sri Lanka,-8,-2,1,0,2,68.85245901639344,59.01639344262295,0,0,1122727
0,2017/18,Sri Lanka,India,13,0,6,1,1,58.333333333333336,58.06451612903226,0,0,1122728
1,2017/18,Hong Kong,Papua New Guinea,9,-3,2,1,4,66.66666666666666,68.85245901639344,0,0,1124089
0,2017/18,Zimbabwe,Bangladesh,-20,2,-2,3,1,64.0625,53.125,0,0,1130737
1,2017/18,Zimbabwe,Sri Lanka,3,-2,1,0,2,54.09836065573771,61.66666666666667,0,0,1130738
1,2017/18,Bangladesh,Sri Lanka,6,-2,2,0,2,55.73770491803278,59.01639344262295,1,1,1130739
0,2017/18,Zimbabwe,Sri Lanka,11,0,1,1,1,62.295081967213115,60.65573770491803,1,1,1130740
1,2017/18,Bangladesh,Zimbabwe,6,-3,3,1,4,64.0625,66.66666666666666,1,1,1130741
0,2017/18,Bangladesh,Sri Lanka,-39,3,-5,3,0,73.01587301587301,45.3125,1,1,1130742
1,2017/18,Sri Lanka,Bangladesh,34,-1,7,2,3,61.66666666666667,75.40983606557377,1,1,1130743
0,2017/18,United Arab Emirates,Ireland,11,-1,3,1,2,66.12903225806451,68.25396825396825,0,0,1131274
1,2017/18,Ireland,United Arab Emirates,7,-1,0,1,2,64.61538461538461,68.75,1,1,1131275
0,2017/18,Scotland,Ireland,-39,0,-8,1,1,76.5625,60.0,0,0,1131276
1,2017/18,Ireland,Scotland,13,1,4,1,0,62.903225806451616,65.57377049180327,1,1,1131277
1,2017/18,Scotland,United Arab Emirates,-6,1,0,2,1,63.33333333333333,63.07692307692307,0,0,1131278
0,2017/18,Scotland,United Arab Emirates,2,1,3,2,1,68.33333333333333,64.51612903225806,1,1,1131279
0,2017/18,Papua New Guinea,Ireland,-37,1,-7,2,1,78.33333333333333,61.29032258064516,0,0,1133002
1,2017/18,West Indies,United Arab Emirates,15,-1,5,0,1,63.934426229508205,69.35483870967742,1,1,1133003
0,2017/18,Hong Kong,Scotland,5,-2,2,0,2,70.96774193548387,74.19354838709677,0,0,1133005
0,2017/18,Papua New Guinea,West Indies,13,-1,1,1,2,60.317460317460316,65.57377049180327,1,1,1133007
1,2017/18,West Indies,Ireland,3,0,1,2,2,72.58064516129032,70.0,0,0,1133010
1,2017/18,Zimbabwe,Hong Kong,50,-1,11,1,2,57.14285714285714,71.66666666666667,0,0,1133012
1,2017/18,Ireland,United Arab Emirates,17,-2,8,0,2,60.9375,52.307692307692314,0,0,1133015
1,2017/18,Scotland,United Arab Emirates,-15,-2,-4,0,2,61.66666666666667,62.295081967213115,1,1,1133019
1,2017/18,Zimbabwe,Ireland,21,0,3,3,3,67.21311475409836,72.1311475409836,0,0,1133022
1,2017/18,Papua New Guinea,Hong Kong,-39,-2,-10,0,2,67.74193548387096,53.96825396825397,1,1,1133023
1,2017/18,Ireland,Scotland,-11,0,-7,1,1,64.51612903225806,71.66666666666667,0,0,1133025
0,2017/18,Zimbabwe,West Indies,-13,1,-1,2,1,66.66666666666666,68.85245901639344,1,1,1133026
1,2017/18,West Indies,Scotland,-8,-1,1,2,3,75.0,66.12903225806451,0,0,1133028
1,2017/18,United Arab Emirates,Zimbabwe,16,-1,5,1,2,62.903225806451616,64.51612903225806,0,0,1133029
1,2017/18,United Arab Emirates,Papua New Guinea,20,-4,5,0,4,60.65573770491803,67.74193548387096,0,0,1134540
1,2018/19,England,Sri Lanka,16,-3,3,1,4,56.451612903225815,67.74193548387096,0,0,1140380
0,2018/19,Sri Lanka,England,-15,-1,-1,2,3,39.34426229508197,29.6875,0,0,1140381
0,2018/19,Sri Lanka,England,-10,0,-1,1,1,65.57377049180327,62.903225806451616,0,0,1140382
1,2018/19,Sri Lanka,England,31,-4,7,0,4,50.79365079365079,70.49180327868852,1,1,1140383
0,2018,Sri Lanka,South Africa,-15,3,-5,5,2,63.07692307692307,55.73770491803278,1,1,1142584
0,2018,Sri Lanka,South Africa,-15,2,-3,2,0,60.317460317460316,58.333333333333336,1,1,1142585
1,2018,South Africa,Sri Lanka,-9,-2,0,1,3,59.67741935483871,45.0,0,0,1142586
1,2018,Sri Lanka,South Africa,-62,-3,-9,0,3,56.25,18.75,0,0,1142587
1,2018,Sri Lanka,South Africa,16,-2,-2,2,4,53.125,66.66666666666666,1,1,1142588
1,2018,Pakistan,Zimbabwe,-8,-2,-1,0,2,73.33333333333333,62.295081967213115,0,0,1142920
0,2018,Zimbabwe,Pakistan,-28,2,-4,2,0,77.41935483870968,62.295081967213115,1,1,1142921
0,2018,Zimbabwe,Pakistan,-40,3,-8,4,1,72.58064516129032,51.515151515151516,1,1,1142922
1,2018,Pakistan,Zimbabwe,11,-3,0,0,3,52.38095238095239,67.21311475409836,1,1,1142923
1,2018,Pakistan,Zimbabwe,24,0,3,0,0,49.2063492063492,75.0,1,1,1142924
0,2018/19,Zimbabwe,South Africa,-14,-2,-2,1,3,79.03225806451613,69.35483870967742,0,0,1144146
1,2018/19,South Africa,Zimbabwe,12,1,4,3,2,71.42857142857143,75.0,1,1,1144147
0,2018/19,Zimbabwe,South Africa,-22,2,-5,2,0,63.33333333333333,53.96825396825397,1,1,1144148
0,2018/19,South Africa,Pakistan,0,-1,0,0,1,60.0,65.0,1,1,1144156
1,2018/19,South Africa,Pakistan,-13,-1,-5,2,3,65.625,61.66666666666667,1,0,1144157
1,2018/19,South Africa,Pakistan,-20,0,-2,1,1,70.49180327868852,49.18032786885246,0,1,1144158
0,2018/19,South Africa,Pakistan,-19,2,-5,2,0,64.61538461538461,66.12903225806451,0,0,1144159
1,2018/19,South Africa,Pakistan,-12,0,-2,1,1,59.01639344262295,52.38095238095239,1,0,1144160
1,2018/19,South Africa,Sri Lanka,-6,1,1,2,1,60.65573770491803,52.459016393442624,1,0,1144167
1,2018/19,South Africa,Sri Lanka,23,-2,11,0,2,54.83870967741935,61.904761904761905,0,0,1144168
1,2018/19,South Africa,Sri Lanka,13,-1,2,1,2,50.0,68.33333333333333,0,0,1144169
1,2018/19,South Africa,Sri Lanka,4,1,1,2,1,63.934426229508205,60.65573770491803,1,0,1144170
1,2018/19,South Africa,Sri Lanka,-4,1,3,2,1,75.0,72.1311475409836,0,1,1144171
1,2019,England,South Africa,16,-1,1,1,2,49.18032786885246,66.66666666666666,0,0,1144483
0,2019,Pakistan,West Indies,-26,1,-6,3,2,67.21311475409836,53.2258064516129,0,0,1144484
1,2019,New Zealand,Sri Lanka,-26,3,-4,3,0,61.29032258064516,40.98360655737705,1,0,1144485
1,2019,Bangladesh,South Africa,14,0,3,1,1,59.67741935483871,56.666666666666664,0,0,1144487
0,2019,England,Pakistan,7,-2,0,0,2,53.2258064516129,57.377049180327866,1,0,1144488
1,2019,India,South Africa,0,1,0,2,1,70.0,70.49180327868852,0,1,1144490
0,2019,Bangladesh,New Zealand,-6,-1,-2,1,2,56.666666666666664,56.666666666666664,0,0,1144491
1,2019,Australia,West Indies,-6,2,-4,4,2,55.88235294117647,65.07936507936508,0,0,1144492
1,2019,England,Bangladesh,19,-1,7,0,1,50.81967213114754,55.00000000000001,0,0,1144494
0,2019,Australia,India,-7,0,-2,0,0,59.01639344262295,62.903225806451616,0,1,1144496
1,2019,Australia,Pakistan,5,-1,-4,0,1,55.55555555555556,70.49180327868852,0,0,1144499
1,2019,England,West Indies,-21,1,-2,1,0,66.12903225806451,56.25,1,0,1144501
1,2019,Australia,Sri Lanka,-34,0,-3,0,0,65.57377049180327,41.66666666666667,0,0,1144502
1,2019,India,Pakistan,15,-1,1,0,1,55.73770491803278,67.74193548387096,0,0,1144504
1,2019,Bangladesh,West Indies,-38,0,-4,1,1,67.74193548387096,47.61904761904761,1,0,1144505
1,2019,New Zealand,South Africa,-3,0,0,1,1,73.33333333333333,67.74193548387096,1,0,1144507
1,2019,Australia,Bangladesh,0,-1,0,0,1,57.377049180327866,59.01639344262295,1,1,1144508
0,2019,England,Sri Lanka,10,0,2,2,2,66.66666666666666,70.49180327868852,0,1,1144509
1,2019,New Zealand,West Indies,-29,0,-6,2,2,73.33333333333333,61.29032258064516,0,0,1144511
1,2019,Pakistan,South Africa,20,-1,7,0,1,62.295081967213115,60.65573770491803,1,1,1144512
0,2019,England,Australia,5,-3,-2,0,3,66.66666666666666,77.04918032786885,1,0,1144514
0,2019,New Zealand,Pakistan,1,2,-1,3,1,67.21311475409836,71.66666666666667,1,1,1144515
1,2019,India,West Indies,18,-1,2,1,2,62.903225806451616,66.66666666666666,1,1,1144516
1,2019,South Africa,Sri Lanka,14,1,0,2,1,46.875,62.903225806451616,1,0,1144517
1,2019,Australia,New Zealand,9,1,1,2,1,68.85245901639344,76.19047619047619,1,1,1144519
1,2019,England,India,19,-1,3,0,1,67.21311475409836,80.0,1,1,1144520
1,2019,Sri Lanka,West Indies,12,-2,6,0,2,62.903225806451616,57.14285714285714,0,0,1144521
0,2019,Bangladesh,India,29,-1,6,0,1,48.38709677419355,66.66666666666666,0,1,1144522
1,2019,England,New Zealand,30,-2,6,0,2,55.73770491803278,67.21311475409836,1,1,1144523
0,2019,Bangladesh,Pakistan,-9,0,-1,1,1,66.66666666666666,55.00000000000001,0,1,1144525
1,2019,India,Sri Lanka,-7,2,-1,2,0,66.12903225806451,53.333333333333336,0,1,1144526
0,2019,Australia,South Africa,29,-2,6,0,2,55.55555555555556,65.0,0,1,1144527
0,2019,India,New Zealand,3,-3,-1,1,4,72.1311475409836,80.32786885245902,0,1,1144528
0,2019,Australia,England,-23,3,-4,3,0,73.33333333333333,64.51612903225806,1,1,1144529
0,2018/19,Australia,South Africa,-38,3,-7,3,0,81.66666666666667,65.57377049180327,0,0,1144986
1,2018/19,Australia,South Africa,10,-1,2,1,2,60.0,64.51612903225806,0,0,1144987
1,2018/19,South Africa,Australia,-12,0,-3,2,2,79.03225806451613,69.35483870967742,0,0,1144988
1,2018/19,Australia,India,20,-1,4,2,3,69.35483870967742,76.19047619047619,1,1,1144997
0,2018/19,Australia,India,-15,1,-4,2,1,62.903225806451616,59.01639344262295,1,1,1144998
0,2018/19,Australia,India,4,1,3,2,1,78.33333333333333,75.0,0,0,1144999
1,2018,Bangladesh,West Indies,0,0,-1,1,1,69.84126984126983,73.33333333333333,1,1,1146720
1,2018,West Indies,Bangladesh,-45,0,-7,1,1,75.0,45.16129032258064,0,0,1146721
1,2018,Bangladesh,West Indies,-16,1,-4,1,0,65.07936507936508,56.25,1,1,1146722
1,2019,England,Pakistan,-9,0,-2,0,0,52.38095238095239,45.90163934426229,0,0,1152842
1,2019,England,Pakistan,-15,2,0,2,0,60.65573770491803,43.54838709677419,1,0,1152843
1,2019,England,Pakistan,-5,0,1,0,0,60.0,40.625,1,0,1152844
1,2019,England,Pakistan,40,-2,10,1,3,41.269841269841265,51.61290322580645,1,1,1152845
1,2018,Bangladesh,Sri Lanka,-18,-2,-6,2,4,70.96774193548387,70.0,1,1,1153243
0,2018,Hong Kong,Pakistan,-14,1,0,2,1,76.66666666666667,64.51612903225806,1,1,1153244
1,2018,India,Hong Kong,0,1,1,1,0,61.66666666666667,60.65573770491803,0,0,1153246
0,2018,Pakistan,India,-33,2,-6,2,0,78.33333333333333,61.29032258064516,1,1,1153247
0,2018,Bangladesh,India,-7,3,-2,3,0,58.06451612903226,58.333333333333336,0,0,1153249
0,2018,Pakistan,India,-25,1,-7,1,0,72.1311475409836,67.21311475409836,1,1,1153251
1,2018,Bangladesh,Pakistan,-10,0,-1,3,3,73.77049180327869,62.903225806451616,1,1,1153254
0,2018,Bangladesh,India,8,-2,1,0,2,49.18032786885246,55.73770491803278,0,0,1153255
1,2018/19,Bangladesh,West Indies,-16,-1,0,1,2,70.0,53.03030303030303,0,1,1153314
0,2018/19,Bangladesh,West Indies,10,0,1,1,1,57.57575757575758,59.67741935483871,0,0,1153315
1,2018/19,Bangladesh,West Indies,0,1,0,1,0,61.66666666666667,66.66666666666666,1,0,1153316
1,2018/19,Bangladesh,Zimbabwe,-17,1,-3,2,1,57.14285714285714,53.2258064516129,1,1,1153635
0,2018/19,Zimbabwe,Bangladesh,7,1,0,1,0,58.333333333333336,55.73770491803278,0,0,1153636
0,2018/19,Zimbabwe,Bangladesh,-45,1,-9,2,1,78.33333333333333,39.682539682539684,0,0,1153637
0,2018/19,New Zealand,India,-9,1,0,2,1,75.40983606557377,63.33333333333333,1,1,1153691
0,2018/19,New Zealand,India,-7,-2,1,0,2,62.903225806451616,59.67741935483871,0,1,1153692
0,2018/19,New Zealand,India,-2,1,-2,2,1,65.0,68.33333333333333,1,1,1153693
1,2018/19,New Zealand,India,-19,0,-6,2,2,70.96774193548387,72.1311475409836,1,0,1153694
0,2018/19,New Zealand,India,-16,2,-1,4,2,80.0,68.33333333333333,0,1,1153695
1,2018/19,New Zealand,Sri Lanka,-12,1,0,1,0,59.01639344262295,46.875,1,1,1153840
1,2018/19,New Zealand,Sri Lanka,0,1,0,2,1,50.0,53.96825396825397,1,1,1153841
1,2018/19,New Zealand,Sri Lanka,-18,1,-1,2,1,67.21311475409836,44.26229508196721,0,0,1153842
1,2018/19,New Zealand,Bangladesh,8,4,5,4,0,66.66666666666666,61.29032258064516,0,1,1153844
1,2018/19,New Zealand,Bangladesh,-27,1,-6,2,1,70.49180327868852,59.01639344262295,1,0,1153845
1,2018/19,New Zealand,Bangladesh,12,-3,2,1,4,60.0,72.3076923076923,0,0,1153846
1,2018,United Arab Emirates,Nepal,29,-2,6,0,2,58.06451612903226,68.18181818181817,0,0,1154649
1,2018/19,New Zealand,Pakistan,8,-1,3,2,3,61.66666666666667,66.15384615384615,1,1,1157378
0,2018/19,New Zealand,Pakistan,10,2,0,2,0,59.67741935483871,59.67741935483871,1,1,1157379
0,2018/19,West Indies,India,-12,0,-3,1,1,62.295081967213115,56.666666666666664,0,0,1157754
1,2018/19,West Indies,India,-8,1,-1,2,1,68.85245901639344,58.06451612903226,0,0,1157756
1,2018/19,India,West Indies,11,-4,1,0,4,61.29032258064516,69.35483870967742,1,1,1157757
0,2018/19,West Indies,India,-22,1,-4,2,1,80.95238095238095,69.35483870967742,1,1,1157758
0,2018/19,West Indies,England,-39,1,-7,1,0,59.01639344262295,34.375,1,1,1158066
1,2018/19,West Indies,England,7,-2,0,0,2,62.903225806451616,63.49206349206349,0,0,1158067
0,2018/19,West Indies,England,14,-2,1,0,2,51.61290322580645,59.01639344262295,1,0,1158069
1,2018/19,West Indies,England,-42,-1,-7,2,3,57.35294117647059,54.6875,1,0,1158070
0,2019,Ireland,England,2,-3,1,0,3,65.57377049180327,60.65573770491803,0,0,1161014
1,2018/19,India,Australia,-4,0,-2,1,1,76.19047619047619,75.40983606557377,0,1,1168242
1,2018/19,India,Australia,-21,2,-4,2,0,68.85245901639344,60.0,0,0,1168243
0,2018/19,India,Australia,12,-3,4,0,3,68.85245901639344,75.0,1,0,1168244
0,2018/19,India,Australia,11,-2,4,0,2,58.333333333333336,57.377049180327866,1,1,1168245
0,2018/19,India,Australia,9,-1,2,0,1,63.33333333333333,63.33333333333333,0,1,1168246
0,2019,Ireland,West Indies,-9,-3,-4,0,3,63.934426229508205,66.66666666666666,1,0,1168508
1,2019,Bangladesh,West Indies,10,0,1,0,0,59.01639344262295,66.66666666666666,0,1,1168509
0,2019,Ireland,West Indies,-37,1,-5,1,0,73.33333333333333,41.935483870967744,1,1,1168511
1,2019,Bangladesh,West Indies,-3,0,0,1,1,59.01639344262295,56.451612903225815,0,1,1168512
0,2019,Ireland,Bangladesh,-5,1,-2,1,0,67.74193548387096,60.65573770491803,1,1,1168513
1,2019,Bangladesh,West Indies,-44,-2,-10,0,2,52.459016393442624,35.483870967741936,1,0,1168514
1,2019,Ireland,Zimbabwe,7,1,4,2,1,77.04918032786885,73.77049180327869,1,0,1168517
1,2019,Ireland,Zimbabwe,11,-3,3,0,3,73.33333333333333,75.80645161290323,0,0,1168518
1,2019,Ireland,Zimbabwe,-16,3,-2,3,0,72.58064516129032,56.666666666666664,0,1,1168519
0,2019,Scotland,Sri Lanka,3,0,-3,0,0,60.0,66.66666666666666,1,0,1169332
1,2018/19,United Arab Emirates,Nepal,-11,-1,-1,2,3,74.60317460317461,69.23076923076923,1,0,1170454
0,2018/19,United Arab Emirates,Nepal,-7,-4,-2,0,4,68.85245901639344,70.49180327868852,0,1,1170455
0,2018/19,United Arab Emirates,Nepal,-38,1,-6,2,1,83.87096774193549,60.0,0,0,1170456
1,2018/19,Australia,Pakistan,-21,1,-3,1,0,66.66666666666666,53.2258064516129,0,1,1174238
1,2018/19,Australia,Pakistan,1,2,2,2,0,67.74193548387096,60.0,0,1,1174239
1,2018/19,Australia,Pakistan,27,-1,6,2,3,67.21311475409836,77.04918032786885,1,1,1174240
1,2018/19,Australia,Pakistan,-12,-1,0,0,1,71.66666666666667,58.06451612903226,0,0,1174241
1,2018/19,Australia,Pakistan,2,-1,2,0,1,58.06451612903226,47.540983606557376,0,0,1174242
1,2019,Papua New Guinea,United States of America,1,2,0,4,2,71.875,74.19354838709677,1,0,1174844
1,2019,Namibia,Oman,0,-4,-1,0,4,68.85245901639344,69.84126984126983,1,1,1174845
1,2019,Zimbabwe,United Arab Emirates,-13,2,-2,3,1,76.66666666666667,71.66666666666667,1,0,1179272
1,2019,Zimbabwe,United Arab Emirates,-24,1,-4,3,2,74.19354838709677,54.83870967741935,1,0,1179273
1,2019,Zimbabwe,United Arab Emirates,-20,0,-5,1,1,68.25396825396825,61.66666666666667,0,1,1179275
1,2019/20,Australia,New Zealand,23,-1,6,0,1,58.333333333333336,70.0,1,1,1183537
1,2019/20,South Africa,England,11,0,4,1,1,61.66666666666667,55.00000000000001,1,0,1185310
0,2019/20,South Africa,England,-41,-1,-7,1,2,70.96774193548387,53.125,0,0,1185312
1,2019/20,South Africa,Australia,-8,1,-3,3,2,57.14285714285714,44.26229508196721,1,1,1185319
1,2019/20,South Africa,Australia,31,0,6,1,1,44.26229508196721,62.5,0,1,1185320
1,2019/20,South Africa,Australia,-16,0,-4,1,1,68.33333333333333,68.33333333333333,1,0,1185321
0,2019/20,India,West Indies,-3,1,0,2,1,77.41935483870968,73.33333333333333,0,0,1187021
1,2019/20,India,West Indies,-1,0,-2,0,0,54.09836065573771,54.83870967741935,0,0,1187022
1,2019/20,India,West Indies,-15,0,-4,0,0,63.934426229508205,60.0,1,0,1187023
0,2019/20,India,Australia,-39,1,-6,1,0,65.57377049180327,46.03174603174603,0,0,1187027
1,2019/20,India,Australia,0,-1,1,0,1,55.73770491803278,61.29032258064516,0,0,1187028
1,2019/20,India,Australia,-5,2,-3,2,0,57.35294117647059,61.29032258064516,0,1,1187029
1,2019/20,New Zealand,India,1,2,3,2,0,60.65573770491803,53.73134328358209,1,0,1187682
1,2019/20,New Zealand,India,-7,-3,-1,0,3,60.0,57.14285714285714,0,0,1187683
1,2019/20,New Zealand,India,-9,2,-3,2,0,61.29032258064516,62.295081967213115,1,0,1187684
1,2019,Netherlands,Zimbabwe,-7,2,-3,3,1,69.23076923076923,59.01639344262295,0,1,1188377
1,2019,Netherlands,Zimbabwe,-16,0,-4,1,1,70.76923076923077,68.85245901639344,0,1,1188378
0,2019,West Indies,India,9,0,0,1,1,57.57575757575758,67.74193548387096,0,1,1188625
0,2019,West Indies,India,31,-1,9,0,1,42.1875,28.125,1,1,1188626
1,2019,Sri Lanka,Bangladesh,41,-2,9,1,3,45.16129032258064,66.66666666666666,1,1,1193504
1,2019,Sri Lanka,Bangladesh,-34,2,-6,2,0,65.57377049180327,49.23076923076923,0,1,1193505
1,2019,Sri Lanka,Bangladesh,-5,-1,1,1,2,64.51612903225806,53.96825396825397,1,1,1193506
1,2019,Oman,Papua New Guinea,14,-1,3,0,1,64.61538461538461,66.12903225806451,1,0,1196670
0,2019,Scotland,Oman,27,0,5,0,0,63.33333333333333,75.0,1,1,1196671
1,2019,Scotland,Papua New Guinea,8,-1,-1,0,1,61.53846153846154,78.68852459016394,1,0,1196672
1,2019,Scotland,Oman,-9,1,1,2,1,81.66666666666667,68.33333333333333,0,0,1196673
1,2019,Scotland,Papua New Guinea,6,0,2,1,1,70.49180327868852,67.21311475409836,0,0,1196674
1,2019,Oman,Papua New Guinea,23,0,7,1,1,53.2258064516129,53.333333333333336,1,0,1196675
1,2020,Australia,England,24,0,3,2,2,60.317460317460316,79.03225806451613,0,0,1198238
1,2020,England,Australia,-12,0,-1,2,2,74.19354838709677,63.33333333333333,1,1,1198239
0,2020,England,Australia,20,0,5,2,2,61.904761904761905,66.12903225806451,1,1,1198240
0,2020,Ireland,England,-22,2,-2,5,3,73.77049180327869,57.377049180327866,0,0,1198247
0,2020,Ireland,England,-57,0,-12,2,2,78.68852459016394,57.14285714285714,1,1,1198248
0,2020,England,Ireland,4,2,6,3,1,61.66666666666667,52.459016393442624,0,0,1198249
1,2019/20,Pakistan,Sri Lanka,19,-4,3,0,4,56.666666666666664,77.41935483870968,1,1,1198487
1,2019/20,Pakistan,Sri Lanka,-18,1,0,1,0,69.35483870967742,50.81967213114754,0,1,1198488
1,2019,United States of America,Papua New Guinea,3,0,4,3,3,60.317460317460316,54.09836065573771,1,1,1199225
1,2019,United States of America,Namibia,9,0,2,1,1,77.77777777777779,75.80645161290323,0,1,1199226
1,2019,United States of America,Papua New Guinea,1,1,1,3,2,64.61538461538461,68.85245901639344,1,1,1199227
1,2019,Namibia,Papua New Guinea,2,1,-3,2,1,66.12903225806451,73.77049180327869,0,1,1199229
1,2019,Namibia,Papua New Guinea,3,-1,0,0,1,68.85245901639344,70.0,1,1,1199230
1,2019/20,West Indies,Ireland,-10,1,-2,2,1,65.625,58.730158730158735,0,1,1203673
1,2019/20,West Indies,Ireland,19,-1,7,2,3,71.66666666666667,70.49180327868852,0,1,1203674
1,2019/20,West Indies,Ireland,-23,0,-3,2,2,76.66666666666667,58.333333333333336,1,0,1203675
0,2019/20,United Arab Emirates,United States of America,12,0,4,2,2,72.1311475409836,80.32786885245902,1,1,1206059
0,2019/20,Scotland,United States of America,-10,0,-1,2,2,73.4375,60.9375,0,1,1206060
0,2019/20,United Arab Emirates,United States of America,10,-4,5,1,5,71.66666666666667,75.0,1,0,1206062
1,2019/20,Scotland,United States of America,24,0,3,1,1,51.61290322580645,76.19047619047619,1,0,1206063
1,2019/20,United Arab Emirates,Scotland,-4,0,-2,0,0,51.61290322580645,60.0,1,0,1206064
1,2019/20,Oman,United Arab Emirates,-9,1,0,3,2,78.33333333333333,67.1875,1,0,1211169
0,2019/20,Namibia,United Arab Emirates,-12,0,-3,1,1,79.36507936507937,67.21311475409836,1,0,1211170
0,2019/20,Oman,Namibia,-2,0,3,2,2,68.85245901639344,54.83870967741935,0,1,1211171
0,2019/20,Namibia,United Arab Emirates,-26,1,-5,3,2,79.36507936507937,68.85245901639344,1,1,1211173
1,2019/20,Sri Lanka,West Indies,-47,1,-7,1,0,75.0,53.2258064516129,1,0,1213871
1,2019/20,Sri Lanka,West Indies,-5,2,-1,2,0,63.49206349206349,55.73770491803278,0,0,1213872
1,2019/20,Sri Lanka,West Indies,-4,0,1,0,0,56.451612903225815,51.66666666666667,1,1,1213873
1,2019/20,Bangladesh,Zimbabwe,16,-3,2,0,3,59.01639344262295,73.33333333333333,1,1,1214667
1,2019/20,Bangladesh,Zimbabwe,16,-1,5,1,2,56.666666666666664,64.51612903225806,1,1,1214668
1,2019/20,Bangladesh,Zimbabwe,-10,-2,-1,0,2,61.66666666666667,48.4375,0,0,1214669
0,2019/20,Nepal,Oman,10,0,3,2,2,78.33333333333333,80.64516129032258,1,0,1215122
1,2019/20,Oman,United States of America,-12,1,-2,2,1,75.0,68.85245901639344,1,0,1215123
1,2019/20,Nepal,United States of America,7,-3,0,1,4,70.96774193548387,77.41935483870968,0,0,1215124
0,2019/20,Nepal,Oman,-19,0,-3,0,0,78.33333333333333,73.33333333333333,0,0,1215125
1,2019/20,Oman,United States of America,-10,-1,-1,1,2,81.9672131147541,73.77049180327869,0,0,1215126
1,2019/20,Nepal,United States of America,-5,4,-4,6,2,73.77049180327869,65.625,1,0,1215127
1,2020/21,Australia,India,-29,-3,-4,0,3,59.01639344262295,46.26865671641791,1,1,1223955
1,2020/21,Australia,India,-8,-2,-2,0,2,54.83870967741935,54.83870967741935,1,1,1223956
1,2020/21,India,Australia,-2,0,0,1,1,62.5,66.66666666666666,1,1,1223957
1,2020/21,Pakistan,Zimbabwe,-17,-2,-3,0,2,69.35483870967742,62.903225806451616,1,1,1233461
0,2020/21,Zimbabwe,Pakistan,-29,2,-4,2,0,70.96774193548387,52.38095238095239,1,1,1233462
0,2020/21,Bangladesh,New Zealand,-47,1,-10,2,1,67.74193548387096,50.0,0,0,1233976
0,2020/21,Bangladesh,New Zealand,-25,-1,-5,1,2,80.32786885245902,68.33333333333333,0,0,1233977
1,2020/21,New Zealand,Bangladesh,19,-1,1,2,3,59.01639344262295,72.1311475409836,1,1,1233978
0,2021,Sri Lanka,England,-27,0,-5,3,3,65.625,49.23076923076923,0,0,1239534
0,2021,Sri Lanka,England,-18,4,-5,4,0,67.6923076923077,59.01639344262295,0,0,1239535
0,2021,Pakistan,England,-15,3,0,4,1,68.33333333333333,50.76923076923077,0,0,1239537
1,2021,England,Pakistan,34,-1,8,2,3,58.730158730158735,71.875,0,0,1239538
0,2021,Pakistan,England,-49,-1,-7,1,2,77.77777777777779,48.4375,0,0,1239539
1,2020/21,India,England,-50,0,-7,0,0,65.0,52.38095238095239,0,0,1243393
0,2020/21,India,England,-18,2,-4,2,0,70.49180327868852,59.01639344262295,0,0,1243394
1,2020/21,India,England,-1,-2,1,0,2,51.61290322580645,51.515151515151516,0,0,1243395
0,2020/21,West Indies,Bangladesh,-1,2,-3,2,0,65.57377049180327,72.58064516129032,0,0,1244022
0,2020/21,West Indies,Bangladesh,-20,0,-2,1,1,78.33333333333333,63.49206349206349,1,1,1244023
1,2020/21,Bangladesh,West Indies,9,0,1,2,2,55.55555555555556,65.15151515151516,0,0,1244024
0,2020/21,Ireland,United Arab Emirates,11,-1,2,1,2,62.295081967213115,66.66666666666666,1,1,1244524
1,2020/21,Ireland,United Arab Emirates,-29,2,-6,3,1,81.9672131147541,67.21311475409836,0,0,1244525
0,2021,South Africa,Pakistan,6,2,4,3,1,77.41935483870968,68.85245901639344,0,0,1251572
1,2021,South Africa,Pakistan,-12,0,-4,1,1,62.295081967213115,56.25,0,0,1251573
1,2021,Pakistan,South Africa,-10,-1,-5,0,1,56.25,63.934426229508205,0,0,1251574
1,2021,Ireland,South Africa,-2,-1,2,0,1,65.57377049180327,65.07936507936508,0,0,1251951
1,2021,South Africa,Ireland,17,-3,5,0,3,58.333333333333336,60.65573770491803,1,1,1251952
1,2021,Netherlands,Ireland,14,-2,3,1,3,64.51612903225806,71.64179104477611,1,1,1251962
0,2021,Netherlands,Ireland,-4,-1,-2,0,1,70.0,73.4375,1,1,1251963
0,2021,Ireland,Netherlands,-20,3,-3,3,0,77.77777777777779,65.57377049180327,1,1,1251964
1,2020/21,West Indies,Sri Lanka,1,0,-1,0,0,57.377049180327866,58.333333333333336,0,1,1252069
1,2020/21,West Indies,Sri Lanka,-6,3,-1,3,0,67.21311475409836,55.00000000000001,1,0,1252070
1,2020/21,West Indies,Sri Lanka,10,-2,1,0,2,57.377049180327866,66.66666666666666,1,0,1252071
1,2021,Netherlands,Scotland,17,0,1,2,2,55.73770491803278,74.19354838709677,1,1,1260084
0,2021,Netherlands,Scotland,-1,2,0,2,0,73.77049180327869,75.0,1,1,1260085
1,2021,Bangladesh,Sri Lanka,-9,-1,-1,1,2,70.3125,60.0,1,1,1262344
1,2021,Bangladesh,Sri Lanka,6,1,0,2,1,60.317460317460316,63.33333333333333,1,1,1262346
1,2021,Sri Lanka,Bangladesh,48,-3,11,0,3,49.18032786885246,65.57377049180327,1,1,1262347
0,2021,Sri Lanka,India,-36,0,-9,1,1,62.5,43.93939393939394,1,1,1262755
0,2021,Sri Lanka,India,-1,-2,0,0,2,61.904761904761905,56.92307692307692,1,1,1262756
0,2021,India,Sri Lanka,11,0,3,1,1,54.83870967741935,61.904761904761905,1,1,1262757
1,2021,Australia,West Indies,15,-6,3,0,6,67.21311475409836,70.96774193548387,1,1,1263161
0,2021,Australia,West Indies,-14,0,-2,3,3,72.1311475409836,65.15151515151516,1,1,1263162
0,2021,West Indies,Australia,3,-1,0,1,2,64.51612903225806,68.25396825396825,1,1,1263163
1,2021,Bangladesh,Zimbabwe,-9,0,-2,2,2,69.35483870967742,57.14285714285714,0,0,1267677
0,2021,Zimbabwe,Bangladesh,6,1,-3,2,1,55.55555555555556,74.60317460317461,1,1,1267678
0,2021,Zimbabwe,Bangladesh,-19,1,-3,1,0,68.85245901639344,55.00000000000001,0,0,1267679
1,2021,Sri Lanka,South Africa,1,-1,0,0,1,59.01639344262295,64.51612903225806,1,1,1271627
1,2021,South Africa,Sri Lanka,7,-2,1,1,3,51.66666666666667,63.07692307692307,1,1,1271628
1,2021,Sri Lanka,South Africa,7,-2,1,2,4,56.25,60.0,1,1,1271629
1,2021,Zimbabwe,Ireland,13,1,2,1,0,64.0625,70.96774193548387,0,0,1272379
0,2021,Zimbabwe,Ireland,-17,1,-3,2,1,69.35483870967742,68.85245901639344,0,0,1272381
0,2021,United States of America,Nepal,-2,2,-1,2,0,60.65573770491803,60.65573770491803,1,1,1275249
0,2021,Nepal,Oman,-59,0,-12,1,1,65.07936507936508,40.32258064516129,1,1,1275250
0,2021,United States of America,Oman,17,2,3,4,2,63.49206349206349,70.0,0,0,1275251
0,2021,Oman,Nepal,-37,2,-7,3,1,72.1311475409836,53.125,0,0,1275253
0,2021,Papua New Guinea,Scotland,2,3,0,3,0,54.6875,57.8125,0,0,1275255
1,2021,Oman,Papua New Guinea,10,0,3,2,2,59.01639344262295,61.66666666666667,0,0,1275256
1,2021,Scotland,Oman,-5,0,2,1,1,61.904761904761905,61.29032258064516,1,1,1275257
0,2021,Papua New Guinea,Scotland,18,1,4,2,1,70.3125,74.19354838709677,1,1,1275258
0,2021,Papua New Guinea,Oman,-23,-2,-5,1,3,63.934426229508205,60.65573770491803,1,1,1275259
0,2021,Papua New Guinea,United States of America,-53,1,-10,1,0,69.35483870967742,57.14285714285714,1,1,1276293
1,2021,United States of America,Papua New Guinea,-16,0,-3,3,3,72.58064516129032,68.85245901639344,0,0,1276294
0,2021,Papua New Guinea,Nepal,7,2,-1,2,0,53.333333333333336,63.934426229508205,1,1,1276295
1,2021,Nepal,Papua New Guinea,-5,-1,-2,2,3,66.66666666666666,63.934426229508205,1,1,1276296
0,2022,England,India,-26,5,-5,5,0,77.77777777777779,65.07936507936508,0,0,1276907
1,2022,England,India,18,-1,2,1,2,70.49180327868852,80.0,0,0,1276908
0,2022,England,India,23,0,3,3,3,54.09836065573771,68.85245901639344,0,0,1276909
1,2022,South Africa,England,7,1,2,1,0,57.14285714285714,51.61290322580645,1,1,1276910
1,2022,England,South Africa,27,-1,5,4,5,43.333333333333336,61.29032258064516,0,0,1276911
1,2021/22,South Africa,India,-16,0,-5,1,1,61.904761904761905,56.666666666666664,1,1,1277082
0,2021/22,India,South Africa,-9,0,-4,0,0,53.96825396825397,52.459016393442624,1,1,1277083
1,2021/22,South Africa,India,3,1,0,2,1,57.377049180327866,60.0,0,0,1277084
1,2021/22,West Indies,Ireland,6,0,0,1,1,67.1875,75.40983606557377,0,0,1277085
0,2021/22,West Indies,Ireland,-21,-1,-4,1,2,67.64705882352942,60.317460317460316,0,0,1277086
0,2021/22,West Indies,Ireland,18,-1,4,0,1,53.125,61.76470588235294,0,0,1277087
1,2021/22,Bangladesh,South Africa,-9,-3,-2,0,3,73.77049180327869,65.57377049180327,0,0,1277097
0,2021/22,Bangladesh,South Africa,-42,3,-10,3,0,71.875,57.377049180327866,1,1,1277098
0,2021/22,South Africa,Bangladesh,-1,1,-3,1,0,58.730158730158735,65.57377049180327,1,1,1277099
0,2021/22,West Indies,India,-28,1,-4,1,0,75.80645161290323,56.92307692307692,0,0,1278676
1,2021/22,India,West Indies,-1,-1,0,1,2,65.57377049180327,70.0,0,0,1278677
1,2021/22,India,West Indies,-5,0,-2,3,3,64.70588235294117,68.33333333333333,1,1,1278678
1,2022,England,Netherlands,12,0,2,1,1,47.69230769230769,57.14285714285714,0,0,1281444
0,2022,Netherlands,England,-27,3,-8,3,0,62.295081967213115,50.0,1,1,1281445
0,2022,Netherlands,England,-38,-1,-7,1,2,61.29032258064516,42.857142857142854,0,0,1281446
1,2021/22,Australia,Pakistan,20,-1,3,0,1,47.61904761904761,55.00000000000001,0,0,1288313
0,2021/22,Australia,Pakistan,2,1,2,1,0,55.00000000000001,54.09836065573771,0,0,1288314
0,2021/22,Australia,Pakistan,-26,2,-4,3,1,72.1311475409836,51.61290322580645,0,0,1288315
0,2021/22,Netherlands,New Zealand,-19,1,-2,2,1,71.66666666666667,60.9375,1,1,1288987
1,2021/22,New Zealand,Netherlands,-19,3,-3,5,2,74.60317460317461,70.76923076923077,0,0,1288988
1,2021/22,New Zealand,Netherlands,-42,1,-12,1,0,67.1875,59.01639344262295,1,1,1288989
1,2021/22,Namibia,Oman,-5,0,-3,1,1,66.12903225806451,64.51612903225806,0,0,1290881
0,2021/22,Zimbabwe,Sri Lanka,-12,-1,-5,0,1,62.903225806451616,60.65573770491803,1,1,1294969
1,2021/22,Zimbabwe,Sri Lanka,25,-2,2,1,3,61.29032258064516,75.0,1,1,1294970
1,2021/22,Sri Lanka,Zimbabwe,14,-3,3,0,3,65.0,68.33333333333333,1,1,1294971
0,2021/22,Oman,United Arab Emirates,3,0,2,1,1,75.0,75.0,0,0,1299586
0,2021/22,Oman,United Arab Emirates,5,0,0,1,1,80.32786885245902,78.68852459016394,0,0,1299587
0,2022,Netherlands,West Indies,-2,0,0,0,0,66.12903225806451,66.12903225806451,0,0,1302349
0,2022,Netherlands,West Indies,8,-2,0,0,2,58.730158730158735,64.0625,1,1,1302350
1,2022,West Indies,Netherlands,-7,0,-2,0,0,66.15384615384615,61.29032258064516,1,1,1302351
1,2021/22,Oman,United Arab Emirates,9,-1,-2,1,2,66.66666666666666,78.68852459016394,0,0,1302616
1,2021/22,Namibia,Oman,7,-1,0,2,3,70.49180327868852,80.0,1,1,1302617
0,2021/22,Namibia,United Arab Emirates,-6,0,-2,2,2,77.41935483870968,75.80645161290323,0,0,1302618
1,2021/22,Oman,United Arab Emirates,-9,-1,-3,0,1,70.0,67.21311475409836,1,1,1302619
0,2021/22,Namibia,Oman,1,3,-2,3,0,61.66666666666667,69.35483870967742,1,1,1302620
1,2021/22,United Arab Emirates,Namibia,-26,-1,-3,0,1,68.85245901639344,50.0,0,0,1302621
0,2021/22,Oman,Namibia,-9,-2,1,0,2,73.77049180327869,70.49180327868852,1,1,1302622
0,2021/22,Papua New Guinea,United Arab Emirates,-3,0,-1,2,2,70.49180327868852,66.12903225806451,1,1,1302623
0,2021/22,Papua New Guinea,Nepal,27,-2,4,1,3,55.73770491803278,75.40983606557377,1,1,1302624
1,2021/22,United Arab Emirates,Nepal,3,0,1,3,3,62.295081967213115,70.49180327868852,1,1,1302625
0,2021/22,United Arab Emirates,Papua New Guinea,-19,2,-3,4,2,80.64516129032258,73.77049180327869,1,1,1302626
1,2021/22,United Arab Emirates,Nepal,16,-4,2,0,4,67.21311475409836,80.0,0,0,1302627
0,2021/22,Papua New Guinea,Nepal,-3,1,0,2,1,75.40983606557377,71.875,0,0,1302628
0,2022,Ireland,New Zealand,-4,0,1,2,2,66.66666666666666,61.904761904761905,0,0,1303309
0,2022,Ireland,New Zealand,-37,0,-8,2,2,77.77777777777779,61.29032258064516,0,0,1303310
1,2022,New Zealand,Ireland,17,-1,5,1,2,53.2258064516129,61.29032258064516,1,1,1303311
1,2021/22,Papua New Guinea,Nepal,10,-2,3,1,3,61.29032258064516,66.12903225806451,0,0,1305496
0,2021/22,Nepal,Papua New Guinea,-40,0,-10,2,2,69.84126984126983,56.25,1,1,1305497
0,2022,Sri Lanka,Australia,-1,-1,3,0,1,61.29032258064516,50.81967213114754,1,1,1307296
1,2022,Sri Lanka,Australia,-4,1,-1,2,1,65.0,59.01639344262295,0,0,1307297
0,2022,Australia,Sri Lanka,-7,0,-3,1,1,58.730158730158735,52.459016393442624,1,1,1307298
1,2022,Sri Lanka,Australia,-10,2,-4,3,1,68.33333333333333,71.66666666666667,0,0,1307299
0,2022,Sri Lanka,Australia,1,0,0,3,3,68.33333333333333,71.42857142857143,1,1,1307300
0,2022,Scotland,New Zealand,2,1,1,1,0,59.09090909090909,58.333333333333336,1,1,1307479
1,2022,Scotland,Papua New Guinea,9,-2,3,1,3,68.85245901639344,68.85245901639344,0,0,1308244
1,2022,Scotland,Oman,4,-1,2,0,1,72.58064516129032,66.66666666666666,1,1,1308245
0,2022,Papua New Guinea,Oman,-5,-2,0,0,2,62.295081967213115,64.0625,1,1,1308246
1,2022,Scotland,Papua New Guinea,-7,0,-2,2,2,65.15151515151516,61.66666666666667,1,1,1308247
0,2022,Oman,Scotland,6,-2,2,1,3,70.96774193548387,72.1311475409836,1,1,1308248
1,2022,Oman,Papua New Guinea,5,-2,-2,1,3,60.29411764705882,68.25396825396825,1,1,1308249
1,2022,Pakistan,Netherlands,-19,-1,3,1,2,71.66666666666667,49.25373134328358,1,1,1311737
0,2022,Netherlands,Pakistan,-14,1,-4,3,2,71.875,59.01639344262295,1,1,1311738
1,2022,Pakistan,Netherlands,9,-1,3,1,2,66.12903225806451,70.49180327868852,1,1,1311739
1,2022,United States of America,Scotland,40,0,5,1,1,53.125,75.0,1,1,1312798
1,2022,Scotland,United States of America,-8,-2,0,0,2,68.33333333333333,60.317460317460316,1,1,1312799
0,2022,United Arab Emirates,Scotland,-14,0,-4,1,1,75.0,69.35483870967742,1,1,1312800
0,2022,United Arab Emirates,United States of America,-5,1,1,2,1,70.49180327868852,58.730158730158735,1,1,1312801
0,2022,Scotland,United Arab Emirates,-13,1,-4,2,1,68.25396825396825,66.12903225806451,1,1,1312802
0,2022,United States of America,United Arab Emirates,-12,1,-6,2,1,73.77049180327869,67.74193548387096,0,0,1312803
1,2022,United States of America,Oman,27,-1,3,1,2,49.2063492063492,71.66666666666667,0,0,1312804
1,2022,Oman,Nepal,11,1,3,2,1,65.57377049180327,71.42857142857143,1,1,1312805
1,2022,Oman,United States of America,-2,-2,-1,0,2,60.65573770491803,65.625,1,1,1312807
0,2022,Oman,Nepal,-15,2,-2,2,0,71.66666666666667,58.06451612903226,1,1,1312808
1,2022,United States of America,Nepal,7,0,1,2,2,59.67741935483871,68.33333333333333,0,0,1312809
0,2022,West Indies,Pakistan,0,0,1,1,1,66.66666666666666,63.49206349206349,1,1,1315038
1,2022,Pakistan,West Indies,-26,-1,-6,1,2,65.07936507936508,60.65573770491803,1,1,1315039
1,2022,Pakistan,West Indies,4,-2,2,0,2,61.904761904761905,63.49206349206349,1,1,1315040
0,2022,West Indies,Bangladesh,-30,-1,-3,1,2,78.68852459016394,49.23076923076923,0,0,1317152
0,2022,West Indies,Bangladesh,-15,0,-2,0,0,70.0,64.17910447761194,0,0,1317153
0,2022,West Indies,Bangladesh,-12,2,-1,3,1,80.64516129032258,67.74193548387096,0,0,1317154
0,2022,Zimbabwe,Australia,-14,-1,-4,0,1,64.51612903225806,63.934426229508205,0,0,1317476
0,2022,Zimbabwe,Australia,-32,1,-8,3,2,75.38461538461539,58.730158730158735,0,0,1317477
0,2022,Australia,Zimbabwe,-7,2,1,3,1,80.0,66.66666666666666,0,0,1317478
0,2022,New Zealand,Australia,-9,-3,-1,1,4,75.80645161290323,73.33333333333333,0,0,1317479
1,2022,Australia,New Zealand,17,1,3,4,3,75.0,83.60655737704919,0,0,1317480
1,2022,Australia,New Zealand,-37,1,-10,2,1,80.0,70.0,0,0,1317481
0,2022/23,England,Australia,-18,3,-2,3,0,68.85245901639344,51.61290322580645,0,0,1317489
1,2022/23,Australia,England,8,-1,2,2,3,51.66666666666667,58.333333333333336,1,1,1317490
1,2022/23,Australia,England,15,-1,4,0,1,58.06451612903226,63.07692307692307,0,0,1317491
1,2022,India,West Indies,21,-1,4,0,1,63.33333333333333,62.295081967213115,0,0,1317900
0,2022,West Indies,India,29,1,9,1,0,50.81967213114754,56.666666666666664,1,1,1317901
1,2022,India,West Indies,-3,-3,1,0,3,53.333333333333336,53.333333333333336,1,1,1317902
0,2022,New Zealand,West Indies,-1,-1,-1,1,2,63.33333333333333,64.0625,0,0,1317911
1,2022,New Zealand,West Indies,5,-3,2,3,6,70.49180327868852,71.875,0,0,1317912
0,2022,West Indies,New Zealand,-37,-1,-6,0,1,79.03225806451613,52.459016393442624,0,0,1317913
1,2022,Namibia,Nepal,29,0,7,1,1,56.451612903225815,68.75,1,1,1322031
0,2022,Scotland,Nepal,-23,2,-6,3,1,73.77049180327869,61.904761904761905,0,0,1322032
0,2022,Namibia,Scotland,-12,-1,-3,0,1,67.21311475409836,67.21311475409836,0,0,1322033
1,2022,Namibia,Nepal,4,1,-1,3,2,63.33333333333333,75.0,1,1,1322034
0,2022,Nepal,Scotland,-26,0,-4,1,1,75.0,62.903225806451616,0,0,1322035
1,2022,Scotland,United Arab Emirates,17,-2,4,1,3,63.49206349206349,65.57377049180327,1,1,1322036
0,2022,United Arab Emirates,United States of America,-10,0,-2,2,2,68.85245901639344,59.375,1,1,1322037
0,2022,United States of America,Scotland,-9,0,0,0,0,63.49206349206349,48.38709677419355,0,0,1322038
1,2022,Scotland,United Arab Emirates,-10,0,0,2,2,76.19047619047619,68.25396825396825,0,0,1322039
0,2022,Scotland,United States of America,3,1,0,2,1,70.49180327868852,77.04918032786885,0,0,1322041
0,2022/23,India,New Zealand,-2,-1,0,0,1,72.1311475409836,70.96774193548387,0,0,1322278
1,2022/23,New Zealand,Sri Lanka,23,-4,3,1,5,59.01639344262295,77.77777777777779,0,0,1322359
0,2022/23,Sri Lanka,New Zealand,-13,0,-2,3,3,79.03225806451613,69.35483870967742,1,1,1322361
0,2022,Bangladesh,Zimbabwe,3,-2,0,0,2,67.74193548387096,64.0625,0,0,1323292
0,2022,Bangladesh,Zimbabwe,32,-3,8,0,3,63.934426229508205,70.96774193548387,0,0,1323293
1,2022,Bangladesh,Zimbabwe,15,-2,4,3,5,70.3125,76.11940298507463,0,0,1323294
0,2022,Zimbabwe,India,-12,3,-2,3,0,73.01587301587301,64.17910447761194,0,0,1325549
0,2022,Zimbabwe,India,-49,-1,-6,1,2,76.19047619047619,45.714285714285715,0,0,1325550
1,2022,India,Zimbabwe,-8,-1,-4,0,1,62.5,62.295081967213115,1,1,1325551
1,2022/23,South Africa,India,17,-2,4,0,2,68.85245901639344,77.04918032786885,0,0,1327509
0,2022/23,South Africa,India,-15,0,-2,2,2,64.51612903225806,59.01639344262295,1,1,1327510
0,2022/23,South Africa,India,-27,2,-4,3,1,78.33333333333333,62.903225806451616,0,0,1327511
1,2022,Papua New Guinea,United States of America,5,0,-2,1,1,60.0,65.57377049180327,0,0,1331366
1,2022,Namibia,United States of America,-19,-1,-5,1,2,72.1311475409836,61.66666666666667,1,1,1331367
1,2022,Namibia,United States of America,4,0,-1,1,1,61.904761904761905,71.66666666666667,0,0,1331368
1,2022,Namibia,Papua New Guinea,7,-4,0,0,4,67.74193548387096,72.58064516129032,1,1,1331369
1,2022,Namibia,Papua New Guinea,-5,0,1,1,1,73.84615384615385,69.84126984126983,1,1,1331370
0,2023,England,New Zealand,-11,0,-4,0,0,55.73770491803278,59.375,0,0,1336052
1,2023,England,New Zealand,-5,2,0,4,2,65.0,55.55555555555556,0,0,1336053
1,2023,England,New Zealand,19,-1,6,2,3,56.451612903225815,64.51612903225806,0,0,1336054
1,2023,England,New Zealand,5,-1,3,1,2,55.73770491803278,60.9375,1,1,1336055
1,2023,England,Ireland,-8,-1,-1,2,3,57.8125,50.0,0,0,1336129
1,2022/23,South Africa,England,19,1,2,1,0,53.2258064516129,60.0,1,1,1339595
0,2022/23,England,South Africa,-22,2,-5,2,0,67.74193548387096,53.333333333333336,0,0,1339596
1,2022/23,England,South Africa,-35,2,-7,3,1,79.36507936507937,60.65573770491803,0,0,1339597
1,2022/23,West Indies,South Africa,-7,1,-1,2,1,53.84615384615385,46.666666666666664,1,1,1339602
0,2022/23,West Indies,South Africa,-7,-1,2,1,2,58.730158730158735,54.6875,0,0,1339603
0,2022/23,Netherlands,South Africa,14,-1,3,0,1,65.57377049180327,67.21311475409836,0,0,1339607
1,2022/23,South Africa,Netherlands,-12,1,-5,2,1,62.68656716417911,66.12903225806451,0,0,1339608
0,2022/23,New Zealand,Pakistan,-1,1,1,2,1,63.33333333333333,63.33333333333333,0,0,1339611
1,2022/23,New Zealand,Pakistan,32,-1,5,1,2,54.09836065573771,75.40983606557377,1,1,1339612
0,2022/23,Pakistan,New Zealand,-7,1,-1,2,1,70.0,64.51612903225806,1,1,1339613
0,2023,New Zealand,Pakistan,-8,1,-1,1,0,65.0,51.66666666666667,0,0,1339619
0,2023,New Zealand,Pakistan,-13,0,-4,1,1,56.451612903225815,55.00000000000001,0,0,1339620
1,2023,Pakistan,New Zealand,-17,1,-3,1,0,69.35483870967742,60.0,0,0,1339621
1,2023,Pakistan,New Zealand,7,-1,2,1,2,64.51612903225806,62.295081967213115,0,0,1339622
1,2023,New Zealand,Pakistan,2,-1,1,1,2,66.66666666666666,70.49180327868852,1,1,1339623
0,2022/23,India,Bangladesh,18,-1,3,1,2,66.12903225806451,75.40983606557377,0,0,1340845
1,2022/23,Bangladesh,India,5,-1,1,2,3,70.96774193548387,67.21311475409836,1,1,1340846
1,2022/23,India,Bangladesh,-21,-1,-4,1,2,60.65573770491803,54.09836065573771,0,0,1340847
0,2022/23,Papua New Guinea,Namibia,-51,1,-11,3,2,85.24590163934425,64.51612903225806,0,0,1341969
1,2022/23,United States of America,Namibia,17,0,1,1,1,69.84126984126983,74.60317460317461,0,0,1341970
0,2022/23,Papua New Guinea,United States of America,-17,1,-2,2,1,75.40983606557377,61.904761904761905,0,0,1341971
0,2022/23,Papua New Guinea,Namibia,23,-2,4,0,2,60.65573770491803,72.58064516129032,1,1,1341972
1,2022/23,United States of America,Papua New Guinea,2,-2,0,0,2,72.58064516129032,75.0,1,1,1341973
0,2022/23,United States of America,Namibia,1,2,0,2,0,68.85245901639344,68.33333333333333,0,0,1341974
0,2022/23,Namibia,Scotland,-28,1,-7,2,1,71.66666666666667,60.9375,0,0,1341975
0,2022/23,Nepal,Scotland,-21,-2,-4,1,3,75.40983606557377,64.0625,0,0,1341977
0,2022/23,Scotland,Namibia,18,0,3,2,2,62.295081967213115,77.41935483870968,0,0,1341978
1,2022/23,Namibia,Nepal,7,-1,3,1,2,76.66666666666667,70.96774193548387,0,0,1341979
0,2022/23,Nepal,Scotland,-50,1,-11,3,2,76.19047619047619,50.0,1,1,1341980
1,2022/23,United Arab Emirates,Nepal,18,-3,5,0,3,60.65573770491803,64.0625,0,0,1343683
0,2022/23,United Arab Emirates,Nepal,40,-2,7,0,2,56.451612903225815,73.77049180327869,1,1,1343684
0,2022/23,United Arab Emirates,Nepal,16,2,3,3,1,68.75,77.77777777777779,0,0,1343685
0,2022/23,Ireland,Zimbabwe,-13,1,-2,2,1,70.96774193548387,66.12903225806451,0,0,1348326
1,2022/23,Ireland,Zimbabwe,1,-1,1,0,1,66.66666666666666,65.0,0,0,1348327
1,2022/23,India,Sri Lanka,37,-2,7,0,2,58.333333333333336,75.40983606557377,0,0,1348643
0,2022/23,Sri Lanka,India,-16,-2,-4,1,3,63.49206349206349,63.07692307692307,1,1,1348644
1,2022/23,India,Sri Lanka,36,-5,7,0,5,60.0,72.1311475409836,1,1,1348645
1,2022/23,India,New Zealand,10,-1,3,0,1,71.875,72.1311475409836,1,1,1348646
0,2022/23,New Zealand,India,-37,4,-8,4,0,80.95238095238095,68.33333333333333,0,0,1348647
1,2022/23,India,New Zealand,9,-1,5,0,1,59.67741935483871,49.2063492063492,0,0,1348648
0,2022/23,Australia,India,20,-2,5,1,3,66.66666666666666,67.74193548387096,0,0,1348656
0,2022/23,India,Australia,-61,5,-15,5,0,56.25,42.1875,0,0,1348657
1,2022/23,Australia,India,-6,-1,3,0,1,68.33333333333333,53.2258064516129,1,1,1348658
0,2022/23,Bangladesh,England,16,0,4,2,2,67.6923076923077,66.66666666666666,1,1,1351397
1,2022/23,England,Bangladesh,-4,-2,0,1,3,63.33333333333333,62.295081967213115,0,0,1351398
1,2022/23,Bangladesh,England,-21,0,-6,2,2,72.58064516129032,60.65573770491803,1,1,1351399
1,2022/23,Bangladesh,Ireland,-1,2,-2,2,0,52.38095238095239,53.96825396825397,0,0,1355717
0,2022/23,Ireland,Bangladesh,-54,4,-10,4,0,77.04918032786885,53.03030303030303,1,1,1355719
0,2022/23,Namibia,Nepal,-3,0,1,1,1,70.96774193548387,66.66666666666666,0,0,1358073
0,2022/23,Namibia,Scotland,-42,1,-9,1,0,80.64516129032258,62.295081967213115,0,0,1358074
0,2022/23,Scotland,Nepal,-19,-3,-4,1,4,68.33333333333333,59.70149253731343,0,0,1358075
0,2022/23,Namibia,Nepal,0,-1,2,0,1,68.25396825396825,64.61538461538461,0,0,1358076
1,2022/23,Scotland,Namibia,6,1,3,2,1,67.21311475409836,66.12903225806451,0,0,1358077
0,2022/23,Scotland,Nepal,26,-1,6,1,2,62.295081967213115,71.66666666666667,0,0,1358078
0,2022/23,Namibia,United Arab Emirates,-16,-1,-3,2,3,79.36507936507937,70.3125,0,0,1358079
0,2022/23,United Arab Emirates,Namibia,-21,0,-5,1,1,66.66666666666666,56.060606060606055,0,0,1358080
1,2022/23,Papua New Guinea,United Arab Emirates,22,-4,6,0,4,56.451612903225815,64.0625,0,0,1358082
1,2022/23,United Arab Emirates,Nepal,-34,-3,-8,1,4,73.77049180327869,59.70149253731343,0,0,1358083
0,2022/23,Papua New Guinea,Nepal,7,-2,4,0,2,63.934426229508205,69.23076923076923,1,1,1358084
0,2022/23,United Arab Emirates,Papua New Guinea,-1,0,3,1,1,67.6923076923077,58.730158730158735,0,0,1358085
1,2022/23,Nepal,United Arab Emirates,3,1,4,2,1,74.19354838709677,63.49206349206349,1,1,1358086
1,2022/23,Nepal,Papua New Guinea,-27,0,-5,0,0,61.66666666666667,54.09836065573771,0,0,1358087
1,2022/23,Papua New Guinea,United Arab Emirates,8,-1,5,0,1,60.0,58.46153846153847,0,0,1358088
1,2022/23,Nepal,United Arab Emirates,9,-1,2,3,4,77.41935483870968,83.33333333333334,1,1,1358089
0,2022/23,Papua New Guinea,Nepal,-67,1,-14,2,1,71.66666666666667,43.75,0,0,1358090
0,2022/23,Papua New Guinea,United Arab Emirates,-32,1,-7,2,1,73.77049180327869,68.25396825396825,1,1,1358091
0,2022/23,United Arab Emirates,Nepal,9,-2,-1,1,3,53.84615384615385,58.333333333333336,1,1,1358092
0,2022/23,Zimbabwe,Netherlands,19,1,3,3,2,64.51612903225806,73.77049180327869,0,0,1362379
1,2022/23,Zimbabwe,Netherlands,4,-1,-1,0,1,59.01639344262295,61.904761904761905,1,1,1362380
0,2022/23,Netherlands,Zimbabwe,1,0,1,0,0,59.01639344262295,55.55555555555556,1,1,1362381
0,2023,Ireland,Bangladesh,-16,0,-1,2,2,76.66666666666667,64.0625,0,0,1364125
1,2023,United States of America,Namibia,9,0,0,2,2,66.12903225806451,77.41935483870968,0,0,1365092
1,2023,United Arab Emirates,Papua New Guinea,-19,4,-2,4,0,62.5,56.451612903225815,0,0,1365093
1,2023,Canada,United States of America,-3,1,1,3,2,77.04918032786885,68.75,0,0,1365095
0,2023,Jersey,Namibia,-30,0,-6,2,2,74.19354838709677,66.12903225806451,1,1,1365097
0,2023,United Arab Emirates,United States of America,12,0,7,1,1,60.0,53.2258064516129,1,1,1365098
0,2023,Canada,United Arab Emirates,-4,1,3,1,0,77.41935483870968,66.66666666666666,1,1,1365099
1,2023,Jersey,Papua New Guinea,4,0,0,2,2,65.57377049180327,60.65573770491803,1,1,1365100
1,2023,United States of America,Papua New Guinea,6,-1,0,2,3,67.21311475409836,73.33333333333333,1,1,1365101
1,2023,United Arab Emirates,Namibia,5,-1,0,0,1,61.53846153846154,67.21311475409836,0,0,1365102
1,2023,Namibia,Canada,-4,-1,-3,0,1,58.06451612903226,59.01639344262295,1,1,1365103
1,2023,United States of America,Jersey,-4,-4,-1,1,5,79.03225806451613,75.0,0,0,1365104
1,2023,United Arab Emirates,Jersey,4,1,-2,1,0,56.52173913043478,68.25396825396825,1,1,1365105
1,2023,Canada,Papua New Guinea,4,-4,1,0,4,67.21311475409836,60.0,1,1,1365106
1,2023,Bangladesh,Ireland,13,0,4,1,1,62.121212121212125,61.904761904761905,0,0,1365552
1,2023,Nepal,Oman,-17,1,-3,2,1,78.33333333333333,59.01639344262295,0,0,1367985
1,2023,United Arab Emirates,Oman,1,0,-2,0,0,65.57377049180327,59.01639344262295,0,0,1368000
0,2023,United Arab Emirates,Nepal,11,1,3,4,3,77.41935483870968,80.0,0,0,1368002
0,2023/24,South Africa,Australia,-44,-4,-11,1,5,75.80645161290323,61.53846153846154,0,0,1373571
1,2023/24,Australia,South Africa,18,-1,6,0,1,49.18032786885246,46.666666666666664,0,0,1373572
1,2023/24,South Africa,Australia,-40,-1,-9,0,1,55.55555555555556,40.98360655737705,0,0,1373573
1,2023/24,South Africa,Australia,-27,-3,-3,0,3,66.66666666666666,46.666666666666664,0,0,1373574
1,2023/24,South Africa,Australia,-28,-1,-4,1,2,75.40983606557377,65.07936507936508,0,0,1373575
0,2023/24,England,West Indies,23,2,3,2,0,54.09836065573771,67.74193548387096,1,1,1373576
0,2023/24,West Indies,England,-33,3,-4,4,1,68.33333333333333,47.540983606557376,0,0,1373577
0,2023/24,England,West Indies,-13,4,-3,5,1,60.0,50.0,0,0,1373578
0,2023/24,West Indies,Australia,-42,2,-10,3,1,71.66666666666667,47.540983606557376,0,0,1375847
1,2023/24,Australia,West Indies,21,0,6,3,3,63.07692307692307,66.66666666666666,0,0,1375848
0,2023/24,West Indies,Australia,-51,-1,-11,1,2,65.07936507936508,31.818181818181817,0,0,1375849
0,2023,United Arab Emirates,West Indies,-7,1,-5,2,1,62.121212121212125,65.57377049180327,1,1,1377005
1,2023,West Indies,United Arab Emirates,46,-2,8,0,2,50.0,75.80645161290323,1,1,1377006
0,2023,United Arab Emirates,West Indies,2,0,0,1,1,51.5625,46.875,1,1,1377007
0,2023,Nepal,Zimbabwe,-7,-1,-2,0,1,63.49206349206349,61.29032258064516,0,0,1377746
1,2023,West Indies,United States of America,-1,0,1,2,2,67.74193548387096,61.904761904761905,0,0,1377747
1,2023,Sri Lanka,United Arab Emirates,2,-1,1,0,1,56.451612903225815,64.51612903225806,0,0,1377748
0,2023,Ireland,Oman,-2,1,0,2,1,68.75,55.73770491803278,0,0,1377749
0,2023,Netherlands,Zimbabwe,9,0,2,0,0,61.904761904761905,62.295081967213115,0,0,1377750
0,2023,United States of America,Nepal,-29,3,-4,4,1,80.32786885245902,64.51612903225806,0,0,1377751
0,2023,Ireland,Scotland,-22,3,-3,4,1,71.875,57.14285714285714,0,0,1377752
0,2023,United Arab Emirates,Oman,6,0,3,2,2,72.1311475409836,70.96774193548387,0,0,1377753
1,2023,West Indies,Nepal,-12,0,0,2,2,73.33333333333333,62.903225806451616,0,0,1377754
0,2023,United States of America,Netherlands,-30,2,-6,3,1,81.9672131147541,59.01639344262295,0,0,1377755
0,2023,Oman,Sri Lanka,-43,4,-6,4,0,78.68852459016394,47.540983606557376,0,0,1377756
1,2023,Scotland,United Arab Emirates,-24,0,-7,3,3,73.33333333333333,68.33333333333333,0,0,1377757
1,2023,Zimbabwe,West Indies,-18,-2,-2,0,2,74.19354838709677,58.730158730158735,0,0,1377758
0,2023,Nepal,Netherlands,-35,1,-7,1,0,75.40983606557377,60.65573770491803,0,0,1377759
1,2023,Sri Lanka,Ireland,2,0,-1,2,2,63.07692307692307,64.51612903225806,0,0,1377760
1,2023,Scotland,Oman,10,1,2,1,0,70.49180327868852,73.77049180327869,0,0,1377761
1,2023,Zimbabwe,United States of America,-8,-5,-2,0,5,60.0,69.84126984126983,0,0,1377762
1,2023,Sri Lanka,Scotland,-10,0,-2,2,2,66.12903225806451,64.0625,0,0,1377764
1,2023,Ireland,United Arab Emirates,-16,0,-2,1,1,65.57377049180327,56.25,0,0,1377765
1,2023,Zimbabwe,Oman,-19,-1,-5,0,1,68.33333333333333,57.8125,0,0,1377766
1,2023,Sri Lanka,Netherlands,-19,2,-5,4,2,66.12903225806451,57.14285714285714,1,1,1377767
0,2023,United States of America,Ireland,-6,2,0,2,0,63.934426229508205,63.33333333333333,0,0,1377768
0,2023,West Indies,Scotland,3,3,2,4,1,70.96774193548387,69.84126984126983,0,0,1377769
0,2023,Zimbabwe,Sri Lanka,-7,3,1,3,0,66.66666666666666,57.377049180327866,0,0,1377770
0,2023,United Arab Emirates,Nepal,9,-1,0,1,2,67.21311475409836,80.0,0,0,1377771
1,2023,Netherlands,Oman,-1,-2,-1,0,2,56.451612903225815,64.51612903225806,0,0,1377772
1,2023,Scotland,Zimbabwe,-6,-4,0,0,4,64.51612903225806,64.0625,0,0,1377773
0,2023,Nepal,Ireland,-13,-1,-2,1,2,77.77777777777779,63.49206349206349,0,0,1377774
0,2023,Oman,West Indies,2,1,-2,2,1,62.5,69.35483870967742,0,0,1377775
0,2023,Scotland,Netherlands,-17,1,-2,1,0,70.0,57.8125,0,0,1377776
1,2023,United Arab Emirates,United States of America,-10,-2,-2,0,2,62.121212121212125,60.317460317460316,1,1,1377777
0,2023,West Indies,Sri Lanka,-1,2,-3,2,0,55.73770491803278,57.377049180327866,0,0,1377778
1,2023,Sri Lanka,Netherlands,3,-4,1,1,5,66.66666666666666,73.77049180327869,0,0,1377779
0,2023,West Indies,India,2,2,0,3,1,63.49206349206349,66.66666666666666,0,0,1381214
0,2023,India,West Indies,-15,-2,-3,0,2,60.9375,63.49206349206349,0,0,1381215
1,2023,India,West Indies,39,-3,6,0,3,53.2258064516129,71.875,0,0,1381216
0,2023/24,England,New Zealand,-30,0,-8,1,1,58.06451612903226,52.459016393442624,0,0,1384392
1,2023/24,Pakistan,Netherlands,-4,2,-2,3,1,67.74193548387096,68.75,0,0,1384393
1,2023/24,South Africa,Sri Lanka,-46,-1,-8,1,2,65.57377049180327,52.459016393442624,0,0,1384395
0,2023/24,Australia,India,16,-2,5,1,3,65.0,69.35483870967742,1,1,1384396
1,2023/24,New Zealand,Netherlands,28,-1,9,0,1,68.85245901639344,68.33333333333333,0,0,1384397
1,2023/24,England,Bangladesh,4,-4,3,0,4,61.66666666666667,58.333333333333336,0,0,1384398
0,2023/24,Sri Lanka,Pakistan,10,-1,5,1,2,63.63636363636363,59.01639344262295,1,1,1384399
1,2023/24,South Africa,Australia,3,-3,0,0,3,53.2258064516129,65.07936507936508,0,0,1384401
0,2023/24,Bangladesh,New Zealand,9,1,2,2,1,70.96774193548387,73.01587301587301,0,0,1384402
0,2023/24,Pakistan,India,-30,-1,-6,1,2,60.0,52.459016393442624,0,0,1384403
0,2023/24,Sri Lanka,Australia,-13,-2,-3,0,2,63.49206349206349,58.333333333333336,1,1,1384405
1,2023/24,Netherlands,South Africa,-9,0,-2,2,2,68.75,71.66666666666667,0,0,1384406
0,2023/24,Bangladesh,India,0,0,0,0,0,62.903225806451616,63.33333333333333,1,1,1384408
1,2023/24,Australia,Pakistan,23,0,5,0,0,54.54545454545454,55.38461538461539,0,0,1384409
0,2023/24,Netherlands,Sri Lanka,-8,0,0,2,2,68.75,62.903225806451616,1,1,1384410
1,2023/24,South Africa,England,-8,-3,0,1,4,61.29032258064516,54.6875,0,0,1384411
0,2023/24,New Zealand,India,-29,2,-7,2,0,73.4375,66.66666666666666,0,0,1384412
1,2023/24,South Africa,Bangladesh,9,-1,1,2,3,61.66666666666667,73.84615384615385,1,1,1384414
1,2023/24,Australia,Netherlands,18,-2,2,1,3,56.451612903225815,71.42857142857143,1,1,1384415
0,2023/24,England,Sri Lanka,3,0,0,2,2,55.73770491803278,61.29032258064516,1,1,1384416
0,2023/24,Pakistan,South Africa,-9,0,-2,2,2,62.5,53.2258064516129,1,1,1384417
1,2023/24,Australia,New Zealand,45,-2,10,0,2,49.2063492063492,48.4375,0,0,1384418
1,2023/24,Netherlands,Bangladesh,8,0,1,2,2,66.66666666666666,73.77049180327869,1,1,1384419
1,2023/24,India,England,-5,-2,-1,2,4,78.33333333333333,73.4375,0,0,1384420
0,2023/24,Bangladesh,Pakistan,-15,3,-2,3,0,73.33333333333333,63.934426229508205,1,1,1384422
1,2023/24,South Africa,New Zealand,-8,-1,1,1,2,70.49180327868852,55.73770491803278,0,0,1384423
1,2023/24,India,Sri Lanka,46,-5,10,1,6,62.903225806451616,84.375,0,0,1384424
0,2023/24,New Zealand,Pakistan,-9,-1,0,0,1,57.8125,54.83870967741935,0,0,1384426
1,2023/24,Australia,England,10,0,1,2,2,65.0,66.12903225806451,0,0,1384427
1,2023/24,India,South Africa,56,-2,12,1,3,53.84615384615385,70.49180327868852,1,1,1384428
0,2023/24,Sri Lanka,Bangladesh,-5,-1,0,1,2,60.65573770491803,58.730158730158735,0,0,1384429
1,2023/24,England,Netherlands,47,-1,9,1,2,49.2063492063492,80.32786885245902,1,1,1384431
0,2023/24,Sri Lanka,New Zealand,1,5,1,5,0,56.451612903225815,55.00000000000001,0,0,1384432
0,2023/24,Bangladesh,Australia,4,-1,-2,0,1,58.46153846153847,65.57377049180327,0,0,1384434
1,2023/24,England,Pakistan,29,-2,4,0,2,55.55555555555556,67.21311475409836,1,1,1384435
1,2023/24,India,Netherlands,29,-1,5,0,1,49.18032786885246,58.333333333333336,1,1,1384436
1,2023/24,India,New Zealand,38,-1,7,1,2,53.96825396825397,74.6268656716418,1,1,1384437
0,2023/24,South Africa,Australia,-56,0,-11,2,2,77.41935483870968,62.121212121212125,1,1,1384438
0,2023/24,India,Australia,20,-1,4,2,3,44.26229508196721,65.07936507936508,0,0,1384439
0,2024,England,Australia,-10,0,-4,1,1,53.96825396825397,58.730158730158735,1,1,1385700
1,2024,Australia,England,-6,-4,-1,1,5,67.21311475409836,63.07692307692307,0,0,1385701
0,2024,Australia,England,-4,-1,-1,1,2,61.29032258064516,61.904761904761905,0,0,1385702
1,2024,England,Australia,-26,-1,-5,1,2,59.01639344262295,49.2063492063492,0,0,1385703
0,2024,England,Australia,-30,1,-5,2,1,58.333333333333336,41.935483870967744,0,0,1385704
0,2023/24,South Africa,India,-9,3,-2,4,1,70.3125,55.55555555555556,1,1,1387600
0,2023/24,India,South Africa,7,1,0,1,0,65.07936507936508,69.35483870967742,0,0,1387601
1,2023/24,India,South Africa,-3,1,-2,2,1,54.6875,56.71641791044776,0,0,1387602
0,2023/24,Bangladesh,New Zealand,-17,3,-1,3,0,68.33333333333333,55.73770491803278,0,0,1388211
0,2023/24,New Zealand,Bangladesh,-30,1,-5,2,1,77.04918032786885,60.0,0,0,1388212
1,2023,Pakistan,Nepal,-3,-1,-2,2,3,65.15151515151516,67.74193548387096,1,1,1388392
0,2023,Bangladesh,Sri Lanka,-10,-1,0,2,3,68.85245901639344,65.07936507936508,1,1,1388393
0,2023,Nepal,India,1,1,0,1,0,61.66666666666667,48.38709677419355,0,0,1388398
0,2023,Bangladesh,Pakistan,12,3,3,4,1,70.0,72.1311475409836,1,1,1388401
1,2023,Sri Lanka,Bangladesh,4,1,4,1,0,62.5,61.29032258064516,0,0,1388403
1,2023,India,Pakistan,18,-1,9,0,1,69.35483870967742,67.1875,0,0,1388406
1,2023,India,Sri Lanka,26,-3,2,0,3,54.6875,73.01587301587301,1,1,1388407
0,2023,Pakistan,Sri Lanka,-22,0,-8,1,1,61.29032258064516,60.317460317460316,1,1,1388410
1,2023,Bangladesh,India,2,1,1,3,2,71.875,68.18181818181817,0,0,1388412
0,2023,Sri Lanka,India,-20,6,-5,6,0,73.77049180327869,45.94594594594595,1,1,1388414
0,2023/24,Australia,India,-24,1,-4,1,0,71.66666666666667,50.81967213114754,0,0,1389388
1,2023/24,India,Australia,17,-1,1,1,2,45.90163934426229,53.96825396825397,0,0,1389389
1,2023/24,Australia,India,18,1,5,1,0,50.0,59.01639344262295,1,1,1389390
1,2023,New Zealand,Bangladesh,-13,2,-1,3,1,75.0,57.14285714285714,1,1,1395701
0,2023,Bangladesh,New Zealand,13,1,1,3,2,61.29032258064516,66.12903225806451,1,1,1395702
1,2023/24,New Zealand,Bangladesh,-34,0,-3,2,2,76.19047619047619,40.625,0,0,1408102
0,2023/24,Zimbabwe,Ireland,-3,2,-2,4,2,73.77049180327869,73.77049180327869,1,1,1408107
0,2023/24,Zimbabwe,Ireland,-16,0,-5,1,1,68.25396825396825,59.67741935483871,0,0,1408108
0,2023/24,Zimbabwe,Sri Lanka,9,-1,-1,1,2,59.67741935483871,71.42857142857143,1,1,1412540
0,2023/24,Zimbabwe,Sri Lanka,-14,0,-3,1,1,63.33333333333333,55.73770491803278,1,1,1412541
0,2023/24,Sri Lanka,Bangladesh,16,-2,5,1,3,58.730158730158735,65.625,1,1,1419827
0,2023/24,Bangladesh,Sri Lanka,4,-2,2,1,3,54.83870967741935,56.92307692307692,0,0,1419828
0,2023/24,Sri Lanka,Bangladesh,-17,1,-3,2,1,69.35483870967742,58.333333333333336,1,1,1419829
1,2023/24,Nepal,Canada,-1,-1,-1,1,2,60.9375,61.904761904761905,1,1,1420220
0,2023/24,Canada,Nepal,-16,-2,-1,0,2,66.66666666666666,53.2258064516129,1,1,1420221
0,2023/24,Canada,Nepal,-28,0,-7,1,1,70.49180327868852,56.451612903225815,0,0,1420222
0,2023/24,Nepal,Namibia,-18,3,-2,4,1,79.03225806451613,65.57377049180327,0,0,1420529
0,2023/24,Netherlands,Nepal,-72,1,-14,2,1,78.33333333333333,50.0,0,0,1420530
0,2023/24,Namibia,Netherlands,-11,3,-2,3,0,75.80645161290323,74.19354838709677,0,0,1420531
0,2023/24,Nepal,Namibia,15,1,1,3,2,59.67741935483871,71.66666666666667,0,0,1420532
1,2023/24,Namibia,Netherlands,2,0,3,2,2,66.12903225806451,62.5,0,0,1420533
0,2023/24,Nepal,Netherlands,-19,0,-4,1,1,63.49206349206349,65.0,0,0,1420534
0,2023/24,United Arab Emirates,Canada,14,0,5,2,2,70.49180327868852,68.85245901639344,0,0,1421069
0,2023/24,Scotland,Canada,-38,0,-6,1,1,71.66666666666667,58.730158730158735,0,0,1421070
0,2023/24,United Arab Emirates,Scotland,-29,1,-5,2,1,70.0,59.01639344262295,0,0,1421071
1,2023/24,Canada,United Arab Emirates,0,2,1,2,0,60.317460317460316,58.06451612903226,0,0,1421072
0,2023/24,Scotland,Canada,14,-4,1,0,4,63.07692307692307,70.49180327868852,0,0,1421073
0,2025,United Arab Emirates,Scotland,-7,0,0,1,1,63.934426229508205,65.0,0,0,1421074
0,2024/25,Pakistan,Australia,-26,0,-3,2,2,73.33333333333333,50.79365079365079,0,0,1426549
0,2024/25,Australia,Pakistan,12,2,6,2,0,63.934426229508205,66.66666666666666,0,0,1426550
0,2024/25,Australia,Pakistan,7,2,2,2,0,65.625,59.375,0,0,1426551
0,2024,Oman,Namibia,5,2,1,2,0,70.96774193548387,73.33333333333333,0,0,1428957
1,2024,Scotland,Namibia,29,0,5,1,1,59.01639344262295,75.38461538461539,0,0,1428958
0,2024,Oman,Scotland,-3,0,-4,2,2,64.51612903225806,62.903225806451616,0,0,1428959
0,2024,Namibia,Oman,-17,-1,1,1,2,77.77777777777779,61.29032258064516,0,0,1428960
1,2024,Scotland,Namibia,38,-2,7,1,3,65.57377049180327,83.33333333333334,0,0,1428961
1,2024/25,South Africa,Ireland,-4,1,-1,3,2,70.0,71.875,1,1,1431088
1,2024/25,South Africa,Ireland,11,-5,2,0,5,59.01639344262295,59.67741935483871,1,1,1431089
1,2024/25,Ireland,South Africa,-11,-3,1,0,3,78.33333333333333,64.51612903225806,1,1,1431090
0,2024/25,South Africa,Pakistan,38,0,8,1,1,53.96825396825397,78.33333333333333,1,1,1432214
1,2024/25,Pakistan,South Africa,-14,1,1,2,1,60.9375,51.5625,0,0,1432215
1,2024/25,Pakistan,South Africa,-15,-1,-2,1,2,73.77049180327869,65.07936507936508,0,0,1432216
0,2024/25,England,West Indies,-3,1,0,1,0,66.66666666666666,65.625,0,0,1433370
0,2024/25,West Indies,England,-17,1,-4,2,1,68.33333333333333,54.09836065573771,0,0,1433371
0,2024/25,England,West Indies,-41,3,-7,4,1,80.0,57.8125,0,0,1433372
0,2024/25,Bangladesh,West Indies,16,0,2,2,2,60.317460317460316,69.35483870967742,1,1,1433380
0,2024/25,Bangladesh,West Indies,1,3,-5,3,0,51.5625,63.49206349206349,0,0,1433381
0,2024/25,Bangladesh,West Indies,-20,-1,-2,2,3,68.25396825396825,54.09836065573771,0,0,1433382
0,2024/25,England,India,6,1,2,3,2,59.01639344262295,58.730158730158735,1,1,1439904
0,2024/25,England,India,-2,0,1,0,0,43.54838709677419,45.16129032258064,1,1,1439905
1,2024/25,India,England,-32,-1,-6,1,2,67.74193548387096,53.2258064516129,0,0,1439906
1,2024/25,New Zealand,Pakistan,-10,1,0,2,1,67.74193548387096,56.451612903225815,1,1,1442220
0,2024/25,South Africa,New Zealand,-4,0,1,1,1,62.5,58.730158730158735,0,0,1442221
0,2024/25,South Africa,Pakistan,-27,-1,-4,1,2,55.55555555555556,41.269841269841265,1,1,1442222
0,2024/25,Pakistan,New Zealand,3,1,2,2,1,67.6923076923077,65.07936507936508,1,1,1442223
1,2024,Sri Lanka,India,-34,1,-6,1,0,65.07936507936508,45.16129032258064,1,1,1442991
1,2024,Sri Lanka,India,-26,-3,-6,0,3,68.33333333333333,60.0,1,1,1442992
0,2024/25,Sri Lanka,New Zealand,-47,4,-9,4,0,73.77049180327869,50.79365079365079,0,0,1443546
1,2024/25,New Zealand,Sri Lanka,22,-3,3,1,4,45.90163934426229,67.74193548387096,0,0,1443547
1,2024/25,Sri Lanka,New Zealand,31,-5,6,0,5,59.01639344262295,71.01449275362319,1,1,1443548
1,2024/25,New Zealand,Pakistan,-28,2,-7,2,0,67.16417910447761,61.29032258064516,0,0,1443554
1,2024/25,New Zealand,Pakistan,44,-1,10,2,3,55.88235294117647,76.5625,0,0,1443555
1,2024/25,New Zealand,Pakistan,24,0,3,1,1,59.375,69.6969696969697,0,0,1443556
1,2024/25,Zimbabwe,Pakistan,35,0,4,2,2,58.46153846153847,77.04918032786885,0,0,1444649
0,2024/25,Zimbabwe,Pakistan,-20,2,-4,2,0,61.904761904761905,57.377049180327866,1,1,1444650
1,2024/25,Pakistan,Zimbabwe,-1,-3,-2,0,3,63.33333333333333,68.33333333333333,1,1,1444651
0,2024,Canada,Netherlands,-4,2,-3,2,0,65.57377049180327,65.625,1,1,1445034
1,2024,United States of America,Canada,-4,-1,-3,0,1,60.60606060606061,65.07936507936508,0,0,1445035
1,2024,Netherlands,United States of America,-11,-1,-4,1,2,68.33333333333333,68.75,0,0,1445036
1,2024,Netherlands,Canada,-14,1,-3,3,2,67.64705882352942,59.70149253731343,0,0,1445037
1,2024,United States of America,Canada,6,-2,2,0,2,68.33333333333333,67.1875,0,0,1445038
1,2024,Netherlands,United States of America,8,-3,0,0,3,62.903225806451616,66.66666666666666,0,0,1445039
1,2025,England,West Indies,32,-2,7,1,3,40.98360655737705,60.317460317460316,0,0,1448343
0,2025,West Indies,England,-22,-1,-3,1,2,61.904761904761905,50.76923076923077,0,0,1448344
0,2025,West Indies,England,-62,2,-8,3,1,64.51612903225806,33.33333333333333,0,0,1448345
0,2025,England,South Africa,-10,2,-1,2,0,66.12903225806451,59.67741935483871,0,0,1448354
1,2025,South Africa,England,-5,-1,-1,0,1,69.84126984126983,61.53846153846154,0,0,1448355
1,2025,England,South Africa,43,-5,9,1,6,56.25,80.95238095238095,0,0,1448356
0,2024,Namibia,United States of America,-2,1,1,2,1,78.33333333333333,66.66666666666666,0,0,1450690
0,2024,United Arab Emirates,United States of America,-40,3,-8,3,0,73.77049180327869,52.38095238095239,0,0,1450691
0,2024,Namibia,United Arab Emirates,41,-1,8,0,1,50.0,63.49206349206349,0,0,1450692
0,2024,Namibia,United States of America,5,0,5,1,1,68.33333333333333,56.060606060606055,1,1,1450693
1,2024,United States of America,United Arab Emirates,-9,-1,-1,2,3,62.903225806451616,62.295081967213115,0,0,1450694
0,2024,United Arab Emirates,Namibia,-10,3,-5,3,0,57.8125,60.65573770491803,0,0,1450695
1,2024,Canada,Nepal,-14,-2,-2,1,3,77.04918032786885,63.49206349206349,0,0,1450696
0,2024,Nepal,Oman,-31,1,-3,1,0,83.60655737704919,63.33333333333333,0,0,1450697
1,2024,Canada,Oman,-13,-2,-2,2,4,85.0,73.4375,0,0,1450698
0,2024,Nepal,Canada,-1,2,-2,3,1,74.6268656716418,80.32786885245902,1,1,1450699
0,2024,Oman,Canada,-16,0,-4,1,1,71.42857142857143,72.1311475409836,0,0,1450701
0,2024/25,United States of America,Scotland,-13,5,-5,5,0,73.33333333333333,65.0,0,0,1450702
0,2024/25,Scotland,Nepal,-11,1,2,2,1,76.66666666666667,66.12903225806451,0,0,1450704
1,2024/25,Scotland,United States of America,-14,-1,-4,1,2,58.333333333333336,59.67741935483871,0,0,1450705
1,2024/25,United States of America,Nepal,7,0,2,1,1,62.295081967213115,61.29032258064516,0,0,1450706
0,2024/25,West Indies,Sri Lanka,-26,-1,-7,2,3,56.451612903225815,44.26229508196721,1,1,1451817
0,2024/25,West Indies,Sri Lanka,6,2,0,4,2,65.0,73.33333333333333,0,0,1451818
0,2024/25,Sri Lanka,West Indies,-29,-1,1,0,1,70.49180327868852,39.0625,0,0,1451819
1,2024/25,Sri Lanka,New Zealand,-14,1,-3,1,0,58.06451612903226,46.875,1,1,1456443
0,2024/25,New Zealand,Sri Lanka,-3,0,0,2,2,63.49206349206349,60.0,0,0,1456444
0,2024/25,United Arab Emirates,Oman,13,1,3,2,1,73.01587301587301,78.33333333333333,0,0,1457464
1,2024/25,United Arab Emirates,Netherlands,15,-1,3,1,2,68.85245901639344,76.66666666666667,0,0,1457465
0,2024/25,Netherlands,Oman,-16,2,-2,2,0,75.0,66.12903225806451,0,0,1457466
0,2024/25,United Arab Emirates,Oman,9,0,1,3,3,74.60317460317461,85.24590163934425,0,0,1457467
1,2024/25,Netherlands,United Arab Emirates,-2,-1,-2,0,1,70.0,70.49180327868852,0,0,1457468
1,2024/25,Oman,Netherlands,4,-1,0,0,1,70.49180327868852,75.80645161290323,0,0,1457469
1,2024/25,Sri Lanka,Australia,3,0,1,4,4,67.74193548387096,77.04918032786885,1,1,1459908
1,2024/25,New Zealand,Pakistan,26,0,4,2,2,60.65573770491803,77.04918032786885,0,0,1466414
0,2024/25,Bangladesh,India,-30,4,-7,5,1,66.66666666666666,56.451612903225815,1,1,1466415
0,2024/25,England,Australia,-3,0,-6,2,2,47.61904761904761,51.61290322580645,0,0,1466417
0,2024/25,Pakistan,India,-12,1,-5,2,1,61.76470588235294,61.29032258064516,1,1,1466418
0,2024/25,Bangladesh,New Zealand,4,-1,-3,1,2,67.21311475409836,70.0,0,0,1466419
0,2024/25,England,South Africa,4,1,2,3,2,59.375,58.2089552238806,1,1,1466424
1,2024/25,India,New Zealand,-7,2,-1,3,1,67.21311475409836,61.29032258064516,0,0,1466425
0,2024/25,Australia,India,8,0,1,2,2,54.54545454545454,56.451612903225815,1,1,1466426
1,2024/25,New Zealand,South Africa,0,0,0,1,1,59.01639344262295,61.66666666666667,1,1,1466427
0,2024/25,New Zealand,India,5,1,0,1,0,46.875,56.25,1,1,1466428
1,2024/25,Zimbabwe,Ireland,0,-2,2,0,2,60.9375,65.15151515151516,0,0,1467701
0,2024/25,Zimbabwe,Ireland,-14,0,-1,1,1,68.33333333333333,61.53846153846154,0,0,1467702
0,2024/25,Ireland,Zimbabwe,-51,1,-11,1,0,75.40983606557377,52.459016393442624,0,0,1467703
1,2024/25,United States of America,Namibia,18,-1,4,1,2,60.65573770491803,58.46153846153847,0,0,1468879
1,2024/25,Namibia,Oman,-18,-1,-2,0,1,78.33333333333333,62.5,0,0,1468880
0,2024/25,United States of America,Oman,19,3,3,3,0,63.934426229508205,75.40983606557377,1,1,1468881
1,2024/25,United States of America,Namibia,4,-3,-1,0,3,69.35483870967742,73.33333333333333,0,0,1468882
0,2024/25,Namibia,Oman,-12,3,-2,4,1,72.1311475409836,68.25396825396825,1,1,1468883
1,2024/25,United States of America,Oman,-4,2,-1,4,2,85.24590163934425,80.32786885245902,0,0,1468884
1,2024/25,Sri Lanka,Australia,-8,-2,-1,1,3,73.33333333333333,67.21311475409836,1,1,1469168
1,2025,Ireland,West Indies,19,-5,4,0,5,65.625,76.66666666666667,0,0,1472511
1,2025,West Indies,Ireland,12,-1,1,2,3,60.60606060606061,73.33333333333333,0,0,1472513
0,2025,West Indies,Pakistan,11,0,3,1,1,54.83870967741935,61.53846153846154,0,0,1472528
0,2025,Pakistan,West Indies,9,0,5,2,2,75.0,66.66666666666666,0,0,1472529
1,2025,West Indies,Pakistan,8,-3,2,1,4,66.66666666666666,75.71428571428571,0,0,1472530
1,2024/25,Netherlands,Namibia,5,-3,0,0,3,62.903225806451616,72.1311475409836,0,0,1474410
0,2024/25,Namibia,Netherlands,-10,-1,-1,1,2,75.80645161290323,65.57377049180327,1,1,1474413
1,2024/25,Namibia,Canada,18,1,1,1,0,59.67741935483871,77.41935483870968,1,1,1474414
1,2025,South Africa,Australia,-11,-2,-3,0,2,59.01639344262295,53.96825396825397,0,0,1478901
1,2025,South Africa,Australia,17,-1,0,2,3,60.0,70.0,1,1,1478902
1,2025,Australia,South Africa,21,-4,4,0,4,44.44444444444444,52.459016393442624,1,1,1478903
1,2025,Netherlands,United Arab Emirates,-12,-2,-3,0,2,63.934426229508205,60.0,0,0,1481530
1,2025,United Arab Emirates,Scotland,6,0,0,0,0,60.317460317460316,57.377049180327866,1,1,1481531
1,2025,Netherlands,Scotland,3,-2,0,0,2,59.01639344262295,60.0,1,1,1481532
0,2025,United Arab Emirates,Netherlands,-44,-1,-9,0,1,67.74193548387096,53.333333333333336,1,1,1481533
0,2025,United Arab Emirates,Scotland,-29,2,-6,3,1,64.51612903225806,50.0,1,1,1481534
1,2025,Scotland,Netherlands,-4,-3,2,1,4,62.5,54.09836065573771,0,0,1481535
1,2025,United States of America,Canada,17,0,1,1,1,50.76923076923077,59.01639344262295,1,1,1482564
1,2025,Oman,Canada,-14,0,-5,2,2,72.58064516129032,67.21311475409836,1,1,1482565
0,2025,Canada,Oman,-22,-2,-4,0,2,81.9672131147541,63.934426229508205,1,1,1482567
1,2025,United States of America,Canada,11,-1,1,1,2,59.67741935483871,65.0,1,1,1482568
1,2025,United States of America,Oman,24,-1,5,0,1,50.0,65.0,0,0,1482569
1,2025,Sri Lanka,Bangladesh,-11,2,-4,3,1,71.66666666666667,63.934426229508205,1,1,1485505
1,2025,Bangladesh,Sri Lanka,-10,-1,-7,1,2,55.38461538461539,56.666666666666664,1,1,1485506
1,2025,Sri Lanka,Bangladesh,-4,-1,1,1,2,63.934426229508205,58.730158730158735,1,1,1485507
0,2025,Scotland,Nepal,-1,1,-3,1,0,57.14285714285714,60.9375,0,0,1486772
0,2025,Netherlands,Nepal,-1,1,1,2,1,64.51612903225806,67.6923076923077,1,1,1486773
1,2025,Scotland,Netherlands,0,1,3,3,2,67.21311475409836,63.934426229508205,0,0,1486774
1,2025,Scotland,Nepal,-2,-1,-1,2,3,63.934426229508205,68.75,1,1,1486775
1,2025,Nepal,Netherlands,-14,1,-4,2,1,64.0625,59.375,0,0,1486776
0,2025,Scotland,Netherlands,-1,0,-4,1,1,54.83870967741935,55.00000000000001,1,1,1486777
1,2025,Sri Lanka,Zimbabwe,-7,-1,1,1,2,78.33333333333333,66.66666666666666,0,0,1492821
0,2025,Zimbabwe,Sri Lanka,10,1,-1,1,0,60.9375,68.33333333333333,0,0,1492822
0,2025,Canada,Namibia,27,-3,5,0,3,60.0,70.49180327868852,0,0,1498181
0,2025,Canada,Scotland,-15,2,-3,4,2,80.32786885245902,69.23076923076923,0,0,1498183
1,2025,Namibia,Canada,-24,0,-5,0,0,67.16417910447761,66.15384615384615,0,0,1498184
1,2025,Scotland,Namibia,53,-1,12,3,4,47.540983606557376,63.49206349206349,1,1,1498185
